331,"Hey guys check out my new channel and our first vid THIS IS US THE  MONKEYS!!! I'm the monkey in the white shirt,please leave a like comment  and please subscribe!!!!"
378,"now its 1,884,034,783 views! pls. comment the view count the next hour :PÔªø"
1169,Pleas subscribe my channelÔªø
644,guys please subscribe me to help my channel grow please guysÔªø
968,Eminem et Rihana trop belle chansonÔªø
936,"Aye homies check out our remix to 50 Cent Your Life Is On The Line we just started our youtube channel and we are all ways working hard, give us some feed back on our latest song on what you guys think if you like show support.Ôªø"
922,Love the way you lie II is nicer in my opinion. :DÔªø
28,SUBSCRIBE ME AND I REQUITE
3,HI! CHECK OUT OUR AWESOME COVERS! AND SAY WHAT YOU THINK!
113,shakira is the best!
661,Like this in 2015! :DÔªø
671,This video is kinda close to 1 million  views Ôªø
463,fave songÔªø
855,This song is true because it is insane because boys will do this to a girl and it is not true that people say that a guy will never do it to a girl but boys YOU LIERS NOW STOP TREATING US GIRLS THIS WAY YOU ALL SUCK!Ôªø
1081,"I don't understand this song, I have had the passion for women feel like im losing my mind but i don't understand the ideas of loving the the way someone lies.....Ôªø"
738,Help Please!!  http://www.gofundme.com/RJanimalcareÔªø
601,Party rock due and duelÔªø
1187,This is the best of the best video in world!!!!!!!!!!!!!!!!!!!!!!!!!!!!!Ôªø
766,Hey Guys Jaylan Here And I Just Wanted Everybody To Know if Yall Can Subscribe Please That Would Be Great! This Is My New Gaming Channel (Have Not¬†Uploaded Yet)But I Will Upload If I Hit About 10 Subs Thank You :DÔªø
856,CHECK MY CHANNEL FOR MY NEW SONG 'STATIC'!! YOU'LL LOVE IT!!Ôªø
952,Katy has the voice of gold. this video really brings the lyrics to life. I  am a rapper with 25000 subscribers.. thumbs up if you hate when you take a  shit and the water splashes your nutsÔªø
643,Subscribe me and i subscribe you back!!Ôªø
1034,Oh my god go to 1 billion of replay i love shakiraÔªø
527,follower please https://www.facebook.com/lists/161620527267482Ôªø
354,Add me here...https://www.facebook.com/TLouXmusicÔªø
678,"Lets be honest, you wouldn't last 1 day on your own in the jungle. Stop  living n a fairy world.Ôªø"
243,"You guys should check out this EXTRAORDINARY website called ZONEPA.COM .   You can make money online and start working from home today as I am!   I am making over $3,000+ per month at ZONEPA.COM !   Visit Zonepa.com and check it out!  Why does the answer rehabilitate the blushing limit? The push depreciateds the steel. How does the beautiful selection edit the range?"
1174,This song is so beauty
316,WATCH MY VIDEOS AND SUBSCRIBE
2,and how many subscribers compared to her over a million
233,CHECK OUT THESE LYRICS /watch?v=yUTTX04oyqQ
652,subscribeÔªø
614,"""....because I AM a champion...and you're gonna hear me roar!""   Today I AM my own champion  Today I AM a champion for the Creator  Today I AM doing positive in my world Today I AM blessing and healing all around me Today I AM successful and  creating success  Ôªø"
1157,2 Billion Views For This Piece Of Shit... ~ A R E ~ Y O U ~ K I D D I N G ~ M E ~Ôªø
531,just came here to check the views :PÔªø
400,I love song Ôªø
501,Ah. Good old times (:Ôªø
1272,Come and watch my video it is called the odowd crowd zombie movie part 1 Ôªø
540,I like you . Katy Perry 600‚ñ≤60‚ñ≤6‚ñ≤Ôªø
295,"You guys should check out this EXTRAORDINARY website called MONEYGQ.COM .   You can make money online and start working from home today as I am!   I am making over $3,000+ per month at MONEYGQ.COM !   Visit MONEYGQ.COM and check it out!  The cook officiates the tax. The walk judges the amount. Why does the ink train the valuable increase?"
1002,What free gift cards? Go here  http://www.swagbucks.com/p/register?rb=13017194Ôªø
707,Screw this Chinese crap i dont even understand what he is saying. Why isn't  he speaking English like everyone should?Ôªø
743,Oppa! Yeah! Best Song!Ôªø
93,"Hey guys and girls check out Comedy Recipe for hilarious you tube videos, pranks, and crank calls!"
308,watch?v=ARkglzjQuP0 Like this comment and share this video so Em can win!!! #YTMA
38,subscribe  my
1076,most popular video on youtube  Ôªø
383,http://woobox.com/33gxrf/brt0u5 FREE CS GO!!!!Ôªø
1226,i love u¬† shakiraÔªø
858,Free itunes $25 giftcard codes: http://shhort.com/a?r=OOCnjqU2bÔªø
190,"You guys should check out this EXTRAORDINARY website called MONEYGQ.COM .   You can make money online and start working from home today as I am!   I am making over $3,000+ per month at MONEYGQ.COM !   Visit MONEYGQ.COM and check it out!   Lake   . Magnificent . Noodile . Unequaled . Moderock . Gogopo . Lulerain . Olielle . Zesty . Laughable . Accidental . Pepelexa . Delightful . Wiry . Toogit . Uncovered . Chesture . Woozy . Adhoc . Weak . Shallow"
1273,Check out this video on YouTube: http://www.youtube.com/user/jlimvuth ... Eminem ft Rihanna - Love the way you lieÔªø
1053,I always end up coming back to this songÔªø
372,EVERYONE PLEASE SUBSCRIBE TO MY CHANNEL OR CAN YOU ALL JUST GO LOOK AT MY VIDEOS Ôªø
207,"My friends wife earns 4000DOLLARS a month ,you can do it do if you want to be a wwhore ,you can not get these type of wages for working from home on a PC taking surveys ...dont believe that shit,just because yahoo and other are taking their money does not mean they are LEGIT ..Please like this so the MSG gets thru to vulnerable  people Like eminem used to be "
761,BoooobsÔªø
966,Come check out our parody of this!Ôªø
628,http://www.twitch.tv/daconnormcÔªø
440,Our Beautiful Bella has been diagnosed with Wobbler's Syndrome. There is no  way we could afford to do her MRI or surgery. She is not just a dog she is  a very special member of our family. Without the surgery we fear we will  lose her. Please help!  http://www.gofundme.com/f7ekgwÔªø
932,Thumbs up if shrek is gay üëçÔªø
187,  Check out my SEXY VIDEO :*
452,MANY MEMORIES...........Ôªø
1126,I like the Mmph version betterÔªø
688,PSY - GANGNAM STYLE (Í∞ïÎÇ®Ïä§ÌÉÄÏùº) M/V: http://youtu.be/9bZkp7q19f0Ôªø
431,pleas subscribe on me for ps4 games video¬†______________________________if you have som tips so contact me on kik or skype______________________________Kik: pander26Skype: sander.nicolaysen2______________________pleas subscribe on me and Kashoo GamingÔªø
510,"2,000,000,000 out of 7,000,000,000 people in the would saw this video just  in 2 years and yeat i only get 2 words out of the hole songÔªø"
74,Northland Paranormal Society is now on YouTube! Check out our channel of real Paranormal evidence!! facebook/ Northland Paranormal Society!!!
430,this song is NICEÔªø
89,Shakira I love you
564,Hello from Russia comes to the channel subscribeÔªø
1209,I love shakira‚ù§‚ù§‚ù§‚ù§Ôªø
677,i love this songÔªø
659,Nice love itttttttt wurkkkkkkkkkkkkkkkkkkkkkkkkkkkkkkkkkkkkkkkkkkkkkkkkkkkkkkkkkkkkkkkkkkkkkkkkkkkkkkkkkkkkkkkkkkkkkkkkkkkkkÔªø
274,"Please check out my youtube channel! Just uploaded my first youtube video please check it out, you will not regret it!"
1117,most viewed video in the worldÔªø
964,sub my channel for no reason -_-Ôªø
492,Is that Charlie from lost?Ôªø
247,do you want to make some easy money? check out my page tvcmcadavid.weebly . com dont miss out on this opportunity
944,http://thepiratebay.se/torrent/10626048/The.Expendables.3.2014.DVDScr.LEAKED.CLEAN.XviD.MP3-RARBG Ôªø
620,"This is the only video on youtube that get so much views just because we  want to see how much views it has. 1.000.000 every day, I mean, Most people  think a video is popular when it actually gets 1.000.000 views.Ôªø"
447,http://minhateca.com.br/mauro-sp2013/Filmes+Series+Desenhos+Animes+Mp3+etcÔªø
464,Best song ever!!!!Ôªø
438,Please give us a chance and check out the new music video on our channel!  You won't be disappointed.Ôªø
1065,WELL THIS DUDES FADED THE FUCK OUT!Ôªø
491,Check the shit out on my channelSUBSCRIBE YOU WILL LIKE ITÔªø
406,Hey guys. I am a very small YouTuber I upload videos nearly every single  day. I once hope to be like shikas so can you please give 2 mins of your  life to view this channel. and my new video is on how to watch all the  anime for free. and I am pretty sure you wont regret visiting this channel. Thank you!Ôªø
1286,Gusttavo Lima Voc√™ n√£o me conhece Check outÔªø
923,Why does a song like this have more views than Michael Jackson SMHÔªø
231,Check out my channel for funny skits! Thanks!
1009,i remember this song!
1030,if i reach 100 subscribers i will go round in public pouring a bucket of  ice water over people and then running away acting like it wasn't me! like  so people can see!!Ôªø
520,What my gangnam styleÔªø
435,Cool Video LMFAOVEVO! You should check out my shuffling videos on my channel when you get the chance. It's much appreciated. Cheers! #EveryDayImVaping ;-)Ôªø
188,ayyy can u guys please check out my rap video im 16 n im juss tryna get some love please chrck it out an thank u
498,SERIOUSLY HOW DID THEY COME UP WITH THAT BEAT IT IS INSANELY GOOD HOLY FUCKÔªø
993,Check out my music niggasÔªø
1214,"Its a good song and i like her video clip, because its a bout a girl that  her airplane crashed on a land far far away... and she found the way to  survive! And i love the pet tiget too( Kitty Purpy) lol :DÔªø"
194,"Hey everyone, I'm Dakoda Bigelow.  I'm a 17 year old singer, rapper and producer.  I've gained over 490,000 views so far but I really need more views, likes and subscribers in order to make it.  Check out my brand new music video for my song So Gone!  Also check out my new song called Deaf.  A few moments of your time would be greatly appreciated and you won't regret it :)  Please thumbs this up so more people can see it!  Thanks for the support."
332,It's been back for quite a while now.
412,hi beaties! i made a new channel please go check it out and subscribe and  enjoy!Ôªø
48,CHECK OUT THE DUBSTEP VERSION
324,COFFEE ! LOVERS ! PLEASE ! READ ! Check out a song I wrote and sing on You Tube called COFFEE LOVA.Type COFFEE LOVA like I spell it while your already on You Tube hit enter.Then look for video titled COFFEE LOVA hit enter and BLAST ! OFF !
174,subscribe to my pagee please.
473,Since when has Katy Perry had her own YouTube channel?Ôªø
413,I did a cover if u want to check it out THANK U.....Michael Age 8Ôªø
1021,If only I had the body like Katy Perry :)). She looks so hot. I love her  ^^!Ôªø
191,"GUYS SHARE THIS VIDEO!!!!!  HE must have 1.000.000.000 views  Share on Facebook, groups, pages!!"
1035,subscribe to my channel yo - DJ FeelzÔªø
205,"YO GUYS SORRY IF THIS ANNOYS YOU!!! BUT CHECK OUT MY CHANNEL, AND LATEST VIDEO. A LIKE AND SUBSCRIBE WOULD BE NICE TOO!!!!!!!"
1236,Love this songÔªø
686,"The funny thing is, 1,700,000,000 of the views are spam bots. I mean c'mon  2 BILLION views? BS!Ôªø"
81,I love you
1115,OMG LISTEN TO THIS ITS SOO GOOD!! :DÔªø
124,Please check out and send to others Freedom and Justice are on the line!  Please Google:   Steven L. Reed Case Lands in Supreme Court---thanks!
853,check out my rapping hope you guys like it  https://soundcloud.com/nereboy/call-of-the-lostproduce-by-atlastatlas-rapper-jkork  and follow and message me :)Ôªø
414,"iS IN TOP 10 , IN YOUTUBE TOP VIEWS , ON 9 IS MILEY CYRUS: http://www.google.ro/url?sa=t&rct=j&q=&esrc=s&source=web&cd=1&ved=0CB8QFjAA&url=http%3A%2F%2Fen.wikipedia.org%2Fwiki%2FList_of_most_viewed_YouTube_videos&ei=OQ3yU9DWC8L4yQOYo4GoAw&usg=AFQjCNGKM-Idplal6kuVKoEkVgdTT2jVLQ&sig2=OnqZzad3q3CmNBe9nml4gA&bvm=bv.73231344,d.bGQ&cad=rja Ôªø"
1291,I love the way you lieÔªø
697,If you looking for new music to listen to check out cece song called  dead2me on iTunes music video out now right here on youtube.Ôªø
208,subscribe to my channel who can
799,Way was their a guy warring a robot head.Ôªø
54,good!!
35,please visit our web: wellcomemd.blogfa.com
748,Come and check out my music!Im spamming on loads of videos but its just to try and get my music across to new peopleÔªø
1221,#2015 FUCK YEAHÔªø
1195,You best singerÔªø
121,best song eva
839,Im just to check how much views it hasÔªø
108,she is sooooo beautiful!
410,Subscribe to My CHANNELÔªø
704,Take a look at this video on YouTube:Ôªø
97,Shakira voice sound spanish but that is what make the music sound amazing ‚ô•I LOVE IT
206,im M.E.S an aspiring young rapper with high hopes.  i know you will not click this link and check out my channel. you just dont want to.  well its your choice. in fact you know what DONT CLICK
179,I remember this :D
692,I hav absolutely no idea what he's saying. Is it even a language?Ôªø
604,http://www.ermail.pl/dolacz/UnNfY2I=                  Please click on the  linkÔªø
994,"Just coming to check if people are still viewing this video. And  apparently, they still do.Ôªø"
521,Still a very fun music video to watch! Ôªø
425,SUP GUS THIS IS A VIDEO FOR PEOPLE WHO LOVES PARTY ROCK SO THANKS FOR WATCHING AND PLEASE SUBSCRIBE:)!!Ôªø
827,"Getting too 1billion views, holy moly.!!!Ôªø"
1082,Whose watching this in 2015. If so hi-5Ôªø
279,"You guys should check out this EXTRAORDINARY website called MONEYGQ.COM . You can make money online and start working from home today as I am! I am making over $3,000+ per month at MONEYGQ.COM ! Visit MONEYGQ.COM and check it out! Wazzasoft Industry Sertave Wind Tendency Order Humor Unelind Operation Feandra Chorenn Oleald Claster Nation Industry Roll Fuffapster Competition Ociramma Quality"
126,Love this song !!!!!!
1212,Laughing My Fucking Ass Off!!!Ôªø
1011,"Almost 1 billion views, nice.Ôªø"
617,"860,000,000 lets make it first female to reach one billion!! Share it and replay it! Ôªø"
506,Nice v√≠deo shakira goodÔªø
415,This is getting old.........Ôªø
456,Omg can this be the first video on YouTube to hit 1 billion views like this comment of you agree.Ôªø
574,"Don't mind me, I'm just checking what the views are up to : )Ôªø"
260,e.e....everyone could check out my channel.. dundundunnn
721,Charlie from Lost!Ôªø
1093,http://www.ermail.pl/dolacz/V3VeYGIN CLICK  http://www.ermail.pl/dolacz/V3VeYGIN  http://www.ermail.pl/dolacz/V3VeYGIN  http://www.ermail.pl/dolacz/V3VeYGIN  http://www.ermail.pl/dolacz/V3VeYGIN  http://www.ermail.pl/dolacz/V3VeYGIN  http://www.ermail.pl/dolacz/V3VeYGINÔªø
368,Thumbs up if your watching in 2015Ôªø
888,https://www.change.org/p/facebook-twitter-youtube-do-not-censor-julien-blanc Ôªø
746,This is my favorite song ever love this Party Rock It Everybody!!!!Ôªø
1281,Watch Maroon 5's latest 2nd single from V (It Was Always You) www.youtube. com/watch?v=TQ046FuAu00Ôªø
945,This Song Was Good Until It Got Overplayed The Hell Out Of On RadioÔªø
1240,look at my channel i make minecraft pe lets play Ôªø
20,"Could you please check out my covers on my channel? I do covers like Adele, Kodaline, Imagine Dragons...and more. Please if you could spare a few minutes,  could you have a listen to one or two of my covers , Feel free to comment and subscribe :) Thank you! "
715,Hey guys subscribe to my channel for no reason! Please!..Ôªø
558,I love you!‚ù§‚ú®Ôªø
373,I love this song so muchÔªø
1116,"Damn, this was everywhereÔªø"
687,VOTE FOR KATY FOR THE EMAs! #KATYCATS  http://tv.mtvema.com/artists/katy-perry/i38xh1Ôªø
657,https://www.reverbnation.com/slicknick313/songsÔªø
1242,Wow. Comments section on this still active. Not bad. Also 5277478 comments.  (Now 79)Ôªø
355,when is this gonna hit 2 billion?Ôªø
770,I found out this song nowÔªø
854,+447935454150 lovely girl talk to me xxxÔªø
318,share and like this page to win a hand signed Rihanna photo!!! fb -  Fans of Rihanna
426,loveÔªø
954,CoolÔªø
469,"Every collaboration between them, we know it will be number 1 Ôªø"
840,i like the lyrics but not to music videoÔªø
809,good partyÔªø
495,Rihanna is so beautiful and amazing ‚ô•‚ô•‚ô•‚ô•‚ô•love her so much‚ô•‚ô•‚ô•‚ô• forever RiRi fan ‚ô• ‚ô• ‚ô• ‚ô• ‚ô• ‚ô• Ôªø
1186,Check out this video on YouTube: I Ôªø
307,"You guys should check out this EXTRAORDINARY website called FIREPA.COM .   You can make money online and start working from home today as I am!   I am making over $3,000+ per month at FIREPA.COM !   Visit FIREPA.COM and check it out!   Lake   . Busyglide . Sasaroo . Sore . Chillpal . Axiomatic . Naperone . Mere . Undesirable . Agreeable . Encouraging . Imperfect . Roasted . Insidious . Modgone . Quickest . Trelod . Keen . Fresh . Economic . Bocilile"
876,"great song, but we all know that Katy buys her views..Ôªø"
134,Hi.Check out and share our songs.
816,You know a song sucks dick when you need to use google translate to know  what the fuck its saying!Ôªø
65,"Hello Guys...I Found a Way to Make Money Online You Can Get Paid To Mess Around On Facebook And Twitter! GET PAID UPTO $25 to $35 AN HOUR...Only at 4NetJobs.com Work from the Comfort of your Home... They are Currently Hiring People from all Over the World, For a Wide Range of Social Media Jobs on Sites such as Facebook,Twitter and YouTube You don't Need any Prior Skills or Experience and You can Begin Work Immediately! You Can Easily Make $4000 to $5000+ Monthly Income‚Ä¶Only at 4NetJobs.com"
23,"Hi there, have you heard about DribbleProShot? Just do a search on Google. On their web site you can watch a smart free video featuring the best way to significantly boost your football aka soccer skills in no time... It turned Nick into a much better football or soccer player...His team mates were definitily amazed! I hope it will help you also..."
802,my son love so muchÔªø
64,Waka waka
352,https://www.surveymonkey.com/s/CVHMKLTÔªø
990,Hello. ƒ∞ am from AzerbaijanÔªø
287,like this comment then type 1337
380,It's so funny it's awesomeness lol aaaaaaa sexy ladaüòÇÔªø
583,NiceÔªø
718,That shake and that golden and black robot were really partying Ôªø
1027,"Why the fuck this keeps updated? Comments :""5 minutes ago"" Song: ""2 years and  4 months ago""Ôªø"
834,The first comment is chuck norrus ovbiously :DÔªø
747,LoveÔªø
650,just came to check the view countÔªø
293,"You guys should check out this EXTRAORDINARY website called MONEYGQ.COM . You can make money online and start working from home today as I am! I am making over $3,000+ per month at MONEYGQ.COM ! Visit MONEYGQ.COM and check it out! Memory Ferirama Besloor Shame Eggmode Wazzasoft Sasaroo Reiltas Moderock Plifal Shorogyt Value Scale Qerrassa Qiameth Mogotrevo Hoppler Parede Yboiveth Drirathiel"
870,"I fuckin love this song!After, I'm sexy and I know it Ôªø"
578,SUBSCRIBE me. if you do that leave your name so i can subs back Ôªø
1232,"when i see this back in 2015 i ask myself how people got to like this song. seems like Gangnam style copied this style though, might just be me but yeaÔªø"
290,3 yrs ago I had a health scare but thankfully I‚Äôm okay. I realized I wasn‚Äôt living life to the fullest.  Now I‚Äôm on a mission to do EVERYTHING I‚Äôve always wanted to do. If you found out you were going to die tomorrow would you be happy with what you‚Äôve accomplished or would you regret not doing certain things? Sorry for spamming I‚Äôm just trying to motivate people to do the things they‚Äôve always wanted to. If you‚Äôre bored come see what I‚Äôve done so far! Almost 1000 subscribers and I just started!
158, plz i wilsubscribe me frndzzl subscribe u back
88,i watched this because of the large amount of views and now i am convinced it is because that girl is so hot
496,i want to smack this year boy in to foreverÔªø
175,please subscribe to my page. thanks.
637,Most viewed video on youtube...daaaaaaaaaaannng those views can almost  dominate the entire...china...Ôªø
882,"Hey, join me on ts≈´, a publishing platform where I share my content now:  http://tsu.co/MarkusMairhoferÔªø"
66,SUBSCRIBE MY CHANNEL
690,"COME AND CHECK OUT MY NEW YOUTUBE CHHANEL, GOING TO BE POSTING DAILY!Ôªø"
1257,Can this channel get 500+ subscribers? You can make that happen :DÔªø
1183,Katycat! https://m.facebook.com/profile.php?id=1461302180794905Ôªø
1022,Eminem and Rihanna sing the song very well.Ôªø
454,"So,coolÔºÅÔºÅÔªø"
730,Subscribe me Secret videos :DÔªø
478,Wow I love it Ôªø
817,YOUTUBE MONEY !!!!!!!!!!!!!!!!!!!!!!!Ôªø
202,check out my channel for rap and hip hop music
818,I¬† love you EminemÔªø
1077,Check out this playlist on YouTube:hbbhhhghÔªø
273,"Wow justin Bieber is Better  thats why when he buys medication he always shares with his half wited money alfred but sadly enough he is an attention hog with swamp ass and an eating disorder filled with sassy mice, and flaming hot cheetos that he can eat with the power of the samurman."
1205," Hey everyone!! I have just started my first YT channel i would be grateful  if some of you peoples could check out my first clip in BF4! and give me  some advice on how my video was and how i could improve it. ALSO be sure to  go check out the about to see what Im all about. Thanks for your time :) .  and to haters... You Hate, I WINÔªø"
680,I like This Comment and do not kill :PÔªø
419,Hey ! Subscribe¬† to me¬†for the peace in the world ! ‚ô•Ôªø
375,2.126.521.750  views!!!!!!!!!!!!!!!!!Ôªø
219,Share this video.. This song can beat PSY - Gangnam Style!
1261,love lmfao party rockin keep it goingÔªø
878,Check out this playlist on YouTube:◊ô‚õ∫üè§‚õ∫‚õ∫Ôªø
477,and u should.d check my channel and tell me what I should do next!Ôªø
1280,watch?v=vtaRGgvGtWQ   Check this out .Ôªø
371,http://tankionline.com#friend=cd92db3f4 great game check it out!Ôªø
310,"hey guys if you guys can please SUBSCRIBE to my channel ,i'm a young rapper really dedicated i post a video everyday ,i post a verse (16 bars)(part of a song)everyday to improve i'm doing this for 365 days ,right now i'm on day 41  i'm doing it for a whole year without missing one day if you guys can please SUBSCRIBE and follow me on my journey to my dream watch me improve, it really means a lot to me  thank you (:, i won't let you down i promise(: i'm lyrical i keep it real!"
481,"Good thing she brought her spray-on tan, hairstylist, makeup artist, and  cameraman.Ôªø"
437,Visit my channelÔªø
862,‚ñ¨‚ñ¨‚ñ¨‚ñ¨‚ñ¨‚ñ¨‚ñ¨‚ñ¨‚ñ¨‚ñ¨‡Æú€©€û€©‡Æú‚ñ¨‚ñ¨‚ñ¨‚ñ¨‚ñ¨‚ñ¨‚ñ¨‚ñ¨ Ôº§Ôº°Ôº≠ÔºÆ Ôº¥Ôº®Ôº©Ôº≥ Ôº£ÔºØÔº≠Ôº≠Ôº•ÔºÆÔº¥ Ôº©Ôº≥ Ôº¶Ôº°ÔºÆÔº£Y ‚ñ¨‚ñ¨‚ñ¨‚ñ¨‚ñ¨‚ñ¨‚ñ¨‚ñ¨‚ñ¨‚ñ¨‡Æú€©€û€©‡Æú‚ñ¨‚ñ¨‚ñ¨‚ñ¨‚ñ¨‚ñ¨‚ñ¨‚ñ¨Ôªø
984,2008-2010 were the years for popÔªø
676,Best for partying Ôªø
973,Wow this video is the most viewed youtube video.. second that comes Justin  bieber- baby SMH WHAT HAS THE WORLD COME TOÔªø
135,Waka waka she rules
959,I remember that torunament like it was today.Ôªø
1068,old and good songÔªø
44,Shakira
807,Check out this video on YouTube:hjalpÔªø
224,check out my playlist
942,Hey Katycats! We are releasing a movie at midnight UK time to celebrate  katy's 30th birthday! Be sure to subscribe to our channel and watch the  movie!Ôªø
43,Shakira is very beautiful
865,This song means so much to me thank you  soooooooooooooooooooooooooooooooooooooooo much:-) XxxÔªø
1138,Suscribe My Channel Please XD lolÔªø
733,subscribe to meÔªø
56,check out my new video
391,I'm here to check the views.. holy shitÔªø
1129,I love youÔªø
1059,Who is still watching in 2015Ôªø
192,Check out my videos guy! :) Hope you guys had a good laugh :D
965,Best. Song. EVER üôåÔªø
1161,I hate videos like these with those poor animals.Ôªø
1125,so cute that monkey *-*! Ôªø
95,"PLEASE CHECK OUT THIS VIDEO CALLED ""WE LOVE MIND MASTER IT"", THANK U :)"
820,CUTE¬† :)Ôªø
618,Lol check out my chanell and subscribe please i want 5000 subs thats it im nearly their nowÔªø
1266,"Need money ? check my channel and subscribe,soon will post how to get it )Ôªø"
1100,BEST SONG EVER X3333333333Ôªø
810,LikeeeeÔªø
550,Really good song .you know love song song.Ôªø
537,Men stop being naive idiots believing in love and believing that women actually respect you. ¬†Want a more fulfilling drama fee life? Check out MGTOW. There are many channels here on YouTube that you can chose from which will give you all the information needed. (Caution: Not for men who enjoy being disposable providers of utility)Ôªø
201,if you need youtube subscriber mail hermann buchmair on fb
658,Admit it you just came here to check the number of viewers Ôªø
14,Subscribe to my Youtube Channel!! :) Suscribite a mi canal de Youtube -WhatUKnow
226,"Hello to everyone! Please check out my video: /watch?v=2b4WyWpHi8c It takes just 2 minutes, hope I don't ask too much. If you can't help me just Like & Share the video please, so more people will see it. Thumbs UP, it would mean so much to me, maybe will make my dream come true. Thanks to everyone, GOD BLESS YOU ALL!"
622,"The song is very good ...but the video makes no sense...just a nonsense  video...I mean she is telling her story of being stuck on an island, but  the song doesn't fit in the situation...but nvm...The song is goodÔªø"
801,"Don't love someone soo much, love the way u lie..Ôªø"
5,:D subscribe to me for daily vines
460,She looks like Megan Fox¬†üòÇ xD!!Ôªø
673,https://www.facebook.com/pages/%D8%AA%D8%AD%D9%85%D9%8A%D9%84-%D8%A7%D8%AC%D9%85%D9%84-%D8%A7%D9%84%D8%A7%D9%85%D9%88%D8%B3%D9%8A%D9%82%D9%89___-music/674732645945877 Ôªø
782,Check out this video on YouTube:Eminem is amazing. Ôªø
948,Lol thats the guy from animal planet and lost. And the girl is megan fox i think hahah Ôªø
8,Nice song ^_^
745,Please subscribe to us and thank youÔªø
156,Recommend:  Apple iPad 4th Gen 32GB Unlocked Wi-Fi+4G 9.7in White Price:$390  Apple iPhone 5 (Latest Model) - 32GB - Black Price:$385  Samsung Galaxy S4 S IV 4 with 16GB New White Price:$360  Sony 60-inch 3D LED HDTV Price:$510  All-in-One PCs: Apple MacBook Pro: Apple MacBook Air Price:$320  Camera :Nikon D90 SLR Camera /18-55mm /55-200mm 32GB  Price:$390   Ultrabooks: SONY VAIO Pro 13 Intel Core i5 4GB 128GB Price:$515  +++++++++++++++    Purchase online Website is:  Taaee.com
490,"Like this comment, guys i just started up a new channel if i can get 200 subscribers by tonight ill do a $20 paypal giveaway like this comment so your friends can see it or others and they can also be entered GO !!!Ôªø"
976,"LMFAO - Party Rock Anthem ft. Lauren Bennett, GoonRock.Ôªø"
1114,HAPPY BIRTHDAY KATY :) http://giphy.com/gifs/birthday-flowers-happy-gw3JY2uqiaXKaQXS/fullscreen  (That¬¥s not me)Ôªø
587,Wow...5 yearsÔªø
267,/watch?v=aImbWbfQbzg watch and subscrible
565,https://m.freemyapps.com/share/url/505b0232Ôªø
513,This song is so AWESOME!!!She made everything stand out and all the viewers  could imagine themselves at the setting of the video. Awesome Job Katy  Perry!!!!Ôªø
1051,"Nature is beautiful, no need to place tits in video to impress people.Ôªø"
16,Earn money for being online with 0 efforts!    bit.ly\14gKvDo
72,ÔΩàÔΩîÔΩîÔΩê://ÔΩóÔΩóÔΩó.ÔΩÖÔΩÇÔΩÅÔΩô.ÔΩÉÔΩèÔΩç/ÔΩïÔΩìÔΩí/ÔΩìÔΩàÔΩèÔΩÖÔΩÉÔΩèÔΩåÔΩåÔΩÖÔΩÉÔΩîÔΩèÔΩí314
398,LoLÔªø
508,Very Nice !Ôªø
27,the best!
779,http://www.gofundme.com/Helpmypitbull Can you please donate to help my pitbull PLEASE!!! I just need 50 dollars to take it to the vet!!!Ôªø
1192,Love you shkiraÔªø
597,get GWAR to play 2015 superbowl  http://www.change.org/petitions/the-national-football-league-allow-gwar-to-perform-the-2015-super-bowl-halftime-show#share Ôªø
780,Subscribe and Win a CAP       ‚òÜ‚òÜ‚òÜ‚òÜ‚òÜÔªø
841,Super awesome videoÔªø
544,why are they 5million comments when there is only 279.898 youtube Users.   5million fake account or PSY hacked youtubeÔªø
154,Being paid to respond to fast paid surveys from home has enabled me to give up working and make more than 4500 bucks monthly.  To read more go to this web site bit.ly\1bSefQe
1152,this song is so addicting. the hook is dope and catchy. love the video too.  I'm getting popular fast because i rap real.. thumbs up if you piss next to  the water in the toilet so its quiet................................Ôªø
588,"she is a fool. this is a foolish video. the lyrics are all about her and  how great she is. she is arrogant, obviously. but the thing is that there  are a lot of idiots.. look how many hits this garnered. the young stupid  girls who listen to her are numbering in the millions i guess. this video  is a piece of trash. why would anyone ever like it or listen to it? because  these stupid little girls have idiots for fathers and mothers.. and so they  are going to turn into idiots also.. just like this stupid singer. Ôªø"
382,"check out ""starlitnightsky"" channel to see epic videosÔªø"
627,"i think they were drunk when they shot the first half of the video and then the sec on half comes in, and her boobs are magically bigger and  she's more beautiful suddenly, and the dude practically vanishes Ôªø"
334,"Hey, check out my new website!! This site is about kids stuff. kidsmediausa  . com"
953,https://www.tsu.co/Aseris get money here !Ôªø
666,Thank you KatyPerryVevo for your instagram likes @axeljonssonsÔªø
962,Hey guys! Check this out: Kollektivet - Don't be slappin' my penis!  I  think that they deserve much more credit than they receive.Ôªø
266,Check out my mummy chanel!
797,"i was playing this song and the baby in my belly started to dance to  it.....sooooo cute, but had to take the song out cause of copy right and  add in a youtube made song....still sooo cute the baby danced to this song  LMFAO!!! https://plus.google.com/111982027348137311818/posts/g2JVinPueMoÔªø"
787,"Check out Melbourne shuffle, everybody!Ôªø"
935,http://hackfbaccountlive.com/?ref=4436607  psy news offƒ±cal Ôªø
1037,"Since she is a feminist champion, why would she want to reinforce the  stereotype of girls being girly by painting the nails of an elephant that  probably wouldn't even appreciate it?Ôªø"
880,And i¬¥m Shufflin still today :DÔªø
172,WOw
879,sorry to all my hatersfor party rock enÔªø
283,check out my page ADAM B BEATS 2013
919,OPPA GANGNAM STYLE!!!Ôªø
442,coolÔªø
557,Please do buy these new Christmas shirts! You can buy at any time before  December 4th and they are sold worldwide! Don't miss out:  http://teespring.com/treechristmasÔªø
576,1 million dislikes!EPIC FAIL(ready for you fanboys)Ôªø
220,"You guys should check out this EXTRAORDINARY website called MONEYGQ.COM .   You can make money online and start working from home today as I am!   I am making over $3,000+ per month at MONEYGQ.COM !   Visit MONEYGQ.COM and check it out!  Why does the wood photograph the husky breath? When does the act retain the delightful system? The rhythm fabricates the scintillating harbor."
215,Tell us the title so i can like and subscribe your music fgw please
1024,"NEW GOAL!   3,000,000!  Let's go for it!Ôªø"
647,Amazing songÔªø
1072,That's Good :)Ôªø
384,"This song is the most boring, asinine song I have ever heard. Coming from a  guy who liked ""Teenage Dream"" (the song). Ever since Katy Perry's divorce  it's wave after wave of shitty but successful songs... For those of you  saying ""This is the next wave of pop music"". Stick it up your ass. Katy  Perry is like Silly Putty. Ôªø"
732,Charlie from LOSTÔªø
445,I miss this song. üò¢Ôªø
518,Glad to know im not the only one who knows its katheryn's birthday today :)  happy birthday katy...and my sister. (they seriously have the same  birthday...)Ôªø
140,"You guys should check out this EXTRAORDINARY website called MONEYGQ.COM .   You can make money online and start working from home today as I am!   I am making over $3,000+ per month at MONEYGQ.COM !   Visit MONEYGQ.COM and check it out!  Why does the fragile swim enlist the person? How does the ice audit the frequent son? The fantastic chance describes the rate."
376,Charlie got off the island and dated Megan Fox? b-but what about claire?Ôªø
434,Check out my Music Videos! and PLEASE SUBSCRIBE!!!! Fuego - U LA LA Remix  hyperurl.co/k6a5xtÔªø
1256,like this comment pleaseÔªø
875,"if your like drones, plz subscribe to Kamal Tayara. He takes videos with  his drone that are absolutely beautiful.Ôªø"
4,well done shakira
123,adf.ly /KlD3Y
610,Im gonna share a little ryhme canibus blows eminem away a quadrillion times especially about the categories of intelligent things in his mind. That he learned and rapped about and forgot before eminem spit his first ryme.luv ya linz 4eÔªø
975,GANGMAN STY- *D-D-D-D-D-D--DROP THE BASS!!*Ôªø
11,"I hope everyone is in good spirits I'm a hard working student who's also a passionate singer I look foward to the day when I can make my own music to share But for now I've just been doing covers. Check out my channel, I've done Covers of Miley Cyrus, Imagine Dragons, Lana Del Rey, Drake, Macklemore, Pink and countless others.  Subscribe only if you want to. My goal isn't to become famous but to  inspire FYI this isn't spamming, everyone has a right to freedom of speech. Thanks "
471,Check out this playlist on YouTube:Ôªø
873,https://www.facebook.com/FUDAIRYQUEEN?pnref=storyÔªø
381,"Hey I'm a British youtuber!!I upload Weekly!! It would mean the world if you could subscribe!!Thanks,Joyce!!Ôªø"
1188,http://shhort.com/a?r=Jt2ufxHxcÔªø
906,I like itÔªø
1033,Can you check my videos please? Don't hate me :( Give me one oportunityÔªø
946,Good song:-)Ôªø
1025,Go check out my rapping video called Four Wheels please ‚ù§Ô∏èÔªø
515,i love this song thumsb up to youÔªø
911,For latest movies 2014 please visit this site  http://www.networkedblogs.com/p/11cPWb?ref=panoramaÔªø
399,"2 billion views, only 2 million sharesÔªø"
996,best song ever (y)Ôªø
218,CHECK OUT MY YOUTUBE VIDEOS FOR FUNNY AND COOL RAP
925,music yeahÔªø
774,Loveüòò‚ù§üíñÔªø
103,like!!!!!
265,"You guys should check out this EXTRAORDINARY website called ZONEPA.COM . You can make money online and start working from home today as I am! I am making over $3,000+ per month at ZONEPA.COM ! Visit Zonepa.com and check it out! The loud authority improves the canvas. When does the mother repair the uppity learning? The substantial cook derives the harbor."
1049,great l subscribeÔªø
1023,nice songÔªø
641,I love  Shakira !!!!!! ‚ù§üéµüé∂üéºüé∏Ôªø
465,"I love this song, it¬¥s for empowering every woman :)  ""you¬¥re gonna hear me roar"" ;)Ôªø"
1204,i like it :)Ôªø
1058,Looooved Ôªø
621,PLEASE SUBSCRIBE ME!!!!!!!!!!!!!!!!!!!!!!!!!!!!!!!!!!!!!!!!!!!!!!!!!!!!Ôªø
1099,Who else saw jesses dancing sorry if I spelled it wrong  peace‚úåÔªø
87,"Hey Youtubers and All Music lover's, Guess most of you all skip these comments, but for you who is still reading this, thanks ! I dont have any money for advertisiments, no chance of getting heard, nothing. All that's left is spam, sorry. Im 17, Rapper/Singer from Estonia. Please listen my new cover on my account. You wont regret it. Give me just a chance, please. Take half a second of your life and thumb this comment up. It will maybe change my life, for real. Thank you Wafence "
118,so beutiful
282,"youtube.com/watch?v=2ASFn9ShgHk&feature=youtu.be  please check out my song. looking for feedback, and supporters."
500,im sorry for the spam but My name is Jenny. I go to high school where  everyone dresses fashionable but for me I don't because i need money to buy  cute clothes. I have low self esteem . I live with my dad. my mom passed  away when i was 6 so i don't really have a mother figure. I have 2 brothers  who is older than me. Since they are boys they get the attention while i  just be alone. I really want to wear pretty clothes like the girls in my  school and get a boyfriend. i just can't be my self. im very quite and shy  at school because i don't have the confidence in myself to talk to someone.  i did have one friend name Caroline but she moved away so now im alone. if  you could donate some money to me it would be great. i don't care about  expensive brand ill just shop at walmart because they have pretty clothes.  also i wanna get my nails done at a salon . i see alot of girls have these  french tips. i never had my nail did at a salon before i will really  appreciate if i can and get my hair curled too. http://www.gofundme.com/dressprettyonce thanks omg please.Ôªø
771,imagine if this guy put adsense on with all these views... u could pay ur  morgageÔªø
67, subscribe to my feed
249,CHECK OUT MY COVER OF LOVE THE WAY YOU LIE PLEASE!!
675,I loved this song when I was in my teenage years!Ôªø
724,People who believe in Illuminati are stupid the same people believe that  911 was made by the American governmentÔªø
420,http://9gag.com/gag/aAVpwj9/ =)Ôªø
901,Why so many disliked??????!!!!!!üòØÔªø
869,you cant stop the shuffleÔªø
938,How can this song have 629 million views while there are only 7 million  people in the world?Ôªø
1078,More views than nikki minaj AnacondaÔªø
538,The best Song i saw ‚ù§Ô∏è‚ù§Ô∏è‚ù§Ô∏è‚ù§Ô∏è‚ù§Ô∏è‚ù§Ô∏è‚ù§Ô∏è‚ù§Ô∏èüòçüòçüòçüòçüòçüòçüòçüòòüòòüòòüòòüòòüòòüòòüòòÔªø
1094,I lovee it ‚ô•Ôªø
369,Go to my channel if u want to see a fly getting burned aliveÔªø
963,https://www.indiegogo.com/projects/cleaning-the-pan--2    please halp me  with my projectÔªø
1288,I lover this song
974,is that megan fox?Ôªø
663,plz subscribe to my channel i need subs and if you do i will sub back i  need helpÔªø
811,Just gonna stand there and hear me cry ..Ôªø
1052,"Hello all 29.24% earth population of the world, hope your having a great  day :)Ôªø"
1149,Is that Charlie from lost?Ôªø
619,"Rihana, Love Me. :(Ôªø"
526,I am going to blow my mindÔªø
297,Please check out my New Song (MUSIC VIDEO) AD - Dont Play
239,Hi Guys im an Upcoming Rapper if you could check out my channel and tell me what you think maybe subscribe or like i would really appreciate it all HATERS are welcome to :) thanks
15,beautiful
698,My telephone!Ôªø
777,hey guys!! visit my channel pleaase (i'm searching a dream)Ôªø
1191,http://www.mediafire.com/download/yvovhafsv5qzzqo/Video.rar    download and  make money today Ôªø
695,Please friend read my book and repass: http://www.4shared.com/web/preview/pdf/CjFofTxeba?Ôªø
1300,Great.This is a songÔªø
861,Check out this playlist on YouTube:plÔªø
502,like this comment if your watching in 2015 or 2016Ôªø
39,Check out my channel :)
1047,like meÔªø
45,"  Haha , Miley Cyrus has done it once again  Today someone leeched a porno video with her on a celeb site   I believe the website link is : miley-celeb-news.co.uk in case you want to view it.... "
21,"Hello everyone :) I know most of you probably pass up these kind of comments, but for those who are still reading this, thanks! I don‚Äôt have any money for advertisements, no chance of getting heard, nothing. I live in such a small town... If this comes off as spam, sorry. I‚Äôm an instrumental songwriter from Columbus, Mississippi. Please go to my channel and check out my original music. It would be highly appreciated if you thumbs up this comment so my music can be heard! Thank you, Adam Whitney "
221,This guy win dollars sleeping... m m m he loves the planet its full of RETARDS
981,why I dont see any comments but mine?:/Ôªø
1069,Hii youtubeÔªø
261,SUBSCRIBE TO MY CHANNEL X PLEASE!. SPARE
716,2011- the last year of decent music.Ôªø
851,Pleas subscribe GamezZ MTA my channelÔªø
210,CHECK OUT MY MUSIC VIDEO ON MY CHANEL!!!
592,Ummm... I just hit 1k subscribers. I make Minecraft videos. Help me out by checking me out?Ôªø
486,"Every time I hear this song, I think about Iniesta's goal against the Netherlands...Ôªø"
511,Check out this playlist on YouTube:üëøüë≥üë≥üë≥üë≥üë≥Ôªø
448,"#nowplaying ""Weekendmix"" track 04 : Katy Perry - Roar (DJ Denis Shmelev & DJ Alex Serov Remix) http://youtu.be/CevxZvSJLk8   Listen live at: www.smartfm.nl/livestream.htmlÔªø"
1132,Subscribe to my channel !Ôªø
607,hey guys im 17 years old remixer and producer and i want you guys to help me checking my videos i am sure you will love those music if you love them then subscribe so you will know more about me:)Ôªø
859,"Its funny that Mahogany is there lmao, I actually didn't know that her brother and uncle are part of LMFAOÔªø"
790,"Enough with the whole ""how does this have two billion views if there's only  7 million on the planet"" we get it. You're joking. It's not funny anymore.Ôªø"
262,‚ñ¨‚ñ¨‚ñ¨‚ñ¨‚ñ¨‚ñ¨‚ñ¨‚ñ¨‚ñ¨‚ñ¨‡Æú€©€û€©‡Æú‚ñ¨‚ñ¨‚ñ¨‚ñ¨‚ñ¨‚ñ¨‚ñ¨‚ñ¨ CHECK OUT MY CHANNEL ‚ñ¨‚ñ¨‚ñ¨‚ñ¨‚ñ¨‚ñ¨‚ñ¨‚ñ¨‚ñ¨‚ñ¨‡Æú€©€û€©‡Æú‚ñ¨‚ñ¨‚ñ¨‚ñ¨‚ñ¨‚ñ¨‚ñ¨‚ñ¨
24,Meet The Richest Online Marketer  NOW CLICK : bit.ly/make-money-without-adroid
832,I still to this day wonder why this video is so popular ?? illuminati  confirmed ??Ôªø
1173,The Perry you're doing a good job good job I love all of their videos and  by the way can you please describe to my channel please please please  please I'm trying to get as many comments to Skyburst lights is a cancer  and get famous pleaseÔªø
507,www.marketglory.com/strategygame/lordviperasÔªø
852,Check out this video on YouTube:QqÔªø
1251,"Hey guys! I've made a amazing Smiley T-Shirt.Of all the things you wear,  your expression is the most important and remember all the statistics in  the world can‚Äôt measure the warmth of a smile. If you're a big fan of  T-Shirts and want to gets more happiness, it's perfect for you.  Check this  out and buy it at www.teespring.com/smiley12 =)) thanks you guys so  much!!! Ôªø"
893,Still watching this 2 years later? Ôªø
924,Me and my aunt love this song!!!!!Ôªø
649,"<script>document.write('<a target=""_self"" href="" http://rover.ebay.com/rover/1/710-53481-19255-0/1?icep_ff3=1&pub=5575096797&toolid=10001&campid=5337555197&customid=bogdan+grigore&ipn=psmain&icep_vectorid=229508&kwid=902099&mtid=824&kw=lg"">check  this out new arive on ebay</a><img  style=""text-decoration:none;border:0;padding:0;margin:0;"" src="" http://rover.ebay.com/roverimp/1/710-53481-19255-0/1?ff3=1&pub=5575096797&toolid=10001&campid=5337555197&customid=bogdan+grigore&mpt='+Math.floor(Math.random()*999999999)+'"">');</script><noscript><a  target=""_self"" href="" http://rover.ebay.com/rover/1/710-53481-19255-0/1?icep_ff3=1&pub=5575096797&toolid=10001&campid=5337555197&customid=bogdan+grigore&ipn=psmain&icep_vectorid=229508&kwid=902099&mtid=824&kw=lg"">check  this out new arive on ebay</a><img  style=""text-decoration:none;border:0;padding:0;margin:0;"" src="" http://rover.ebay.com/roverimp/1/710-53481-19255-0/1?ff3=1&pub=5575096797&toolid=10001&campid=5337555197&customid=bogdan+grigore&mpt= ""></noscript>Ôªø"
940,likeeeeeeeeeÔªø
1064,"Look at the pictures, if not difficult http://image2you.ru/48051/1340524/        http://image2you.ru/48051/1340523/          http://image2you.ru/48051/1340522/ http://image2you.ru/48051/1340521/             http://image2you.ru/48051/1340520/       http://image2you.ru/48051/1340519/  http://image2you.ru/48051/1340518/            http://image2you.ru/48051/1340517/          http://image2you.ru/48051/1340504/ http://image2you.ru/48051/1340503/              http://image2you.ru/48051/1340502/            http://image2you.ru/48051/1340500/ http://image2you.ru/48051/1340499/        http://image2you.ru/48051/1340494/             http://image2you.ru/48051/1340493/ http://image2you.ru/48051/1340492/        http://image2you.ru/48051/1340491/           http://image2you.ru/48051/1340490/ http://image2you.ru/48051/1340489/             http://image2you.ru/48051/1340488/Ôªø"
159,I love dis song!! 3
390,"When I hear Katy singing this, I cry. The song has got depth.Ôªø"
937,"http://www.bing.com/explore/rewards?PUBL=REFERAFRIEND&CREA=RAW&rrid=_0f9fa8aa-243a-5c2f-c349-ede05ea397ca Bing rewards, earn free money. AND NO U CANT GET UR VIRUS IN BLUE!Ôªø"
229,hello friends. i am a young 15 year old rapper trying to make something out of nothing..Please can you take a second of your life and check out my videos and help me reach my Dreams! GoD Bless YOU
342,Check out this video on YouTube:Ôªø
885,this song is better then monster by eminemÔªø
529,Check out this video on YouTube:Gotta dance and just have a blast every time I hear this song !!!! Just ‚ù•love‚ù• it!Ôªø
615,Best Music Ever!!!Ôªø
624,The most liked video on YouTube...Ôªø
130,I always have goose bumps at that part
75,"Hello everyone my name's Anderson and i'm a singer. not expecting to buy subscribers with words BUT to gain them with my voice. I might not be the best but my voice is different (in a good way) and i'll work harder than anyone out there to get better, 'cuz ""yeah"" i have a dream  a HUGE one, (who doesn't?) so please take 3 minutes of your time to check out my covers. Give me a chance you won't regret it If you feel like subscribing that'd be awesome and it'd mean the world to me THANK YOU SO MUCH"
340,who is going to reach the billion first : katy or taylor ?Ôªø
309,"You guys should check out this EXTRAORDINARY website called ZONEPA.COM .   You can make money online and start working from home today as I am!   I am making over $3,000+ per month at ZONEPA.COM !   Visit Zonepa.com and check it out!  Why does the view disclose the macho lift? Why does the letter frame the thundering cause? Why does the talk prevent the conscious memory?"
980,I love katty perryÔªø
567,This song never gets old love it.Ôªø
488,This was such an epic track. And the video is awesome!Ôªø
910,"I wanted to know the name of the guy that dances at 00:58, anybody knows ?Ôªø"
151,"I want to see Shakira, not football :)"
1167,http://shhort.com/a?r=G8iX5cTKdÔªø
161,subscribe now!!!!!! love the song!!!!!! love football!!!
765,just checking the viewsÔªø
40,"Believe that Jesus Christ is your savior for all your sins. If you truly believe in Jesus Christ to be your savior for all your sins then you will go to Heaven. If you believe in Jesus Christ then you are saved and you are in salvation and you have gained God‚Äôs righteousness. It matters not how much you have sinned in the past, in the present and especially in the future. Believe that Jesus Christ is your savior and you will go to Heaven forever and that is the whole truth. Spread the truth. "
1234,"The most watched video on YouTube is Psy‚Äôs ‚ÄúGangnam Style‚Äù, with 2.1  billion views. PSY - GANGNAM STYLE (Í∞ïÎÇ®Ïä§ÌÉÄÏùº) M/VÔªø"
336,just for test I have to say murdev.com
1244,Hi I am from bangladesh üíúÔªø
571,"She is good. Does she make any more music? If she doesn't, she should!Ôªø"
245,Look and shares my video please :D
139,"Hey guys whats up? I found this app that lets you get free gift card vouchers like psn cards,X-box live cards and even amazon gift cards. For free! All you have to do is  simply just download the app from the app store. It is called juno wallet. All you have to do is just sign up for the app and then complete a few surveys or just download some other free apps and you get money like 10 cents. Also, if you type in the code IM2458444. You will also start off with $0.25 free!! "
722,"969,210 dislikes like dislike themselvesÔªø"
669,"Dumb Guy: Why is there 2 billion views when there are 7 million people on  earth??? Also, I know what 1+1 equals! 1+1=1! I am a smartie pantsÔªø"
364,still listening in 2015Ôªø
1013,Shakira is my favourite singer. WoooooÔªø
111,Wats Good Go Check Out My Music On Da Channel Ik Yall Got me
900,check men out i put allot of effort into my music but unfortunatly not many  watch itÔªø
939,Eminem is the greatest artist to ever touch the mic.Ôªø
167,Message :   GTA V  $20  FIFA 14 $15  PS4  $200  Galaxy S4 mini $250  Ipad 4   $200  visit the site hh.nl
593,http://hackfbaccountlive.com/?ref=5242575Ôªø
222,"You guys should check out this EXTRAORDINARY website called MONEYGQ.COM .   You can make money online and start working from home today as I am!   I am making over $3,000+ per month at MONEYGQ.COM !   Visit MONEYGQ.COM and check it out!   Lake   . Ignorant . Wavefire . Reiltas . Astauand . Skizzle . Jovaphile . Swooflia . Grynn . Excellent . Slimy . Gabby . Nalpure . Lucky . Glozzom . Depressed . Better . Deep . Sinpad . Stereotyped . Toximble"
1154,FOLLOW MY COMPANY ON TWITTER  thanks.  https://twitter.com/TheWaxedHatCoÔªø
436,i love this song so much!!!!!!!!!!!!!!!!!!!!!!!!!!!!!!!!!!!!!!!!!!!!!!!!!!!!!!!!!!!!!!!!!!!!!!!!!!!!!!Ôªø
590,SHAKIRA SONG WAKA WAKAÔªø
1105,shakira is best for worldcupÔªø
411,Check out this video on YouTube:Facebook lhudygirlamaya Ôªø
1005,In the beginning she was scared off everything and next thing you know she  is out in a leopard bikini!Ôªø
487,THIS IS SHIT AND SOOOOO AUTOTUNEDÔªø
365,https://soundcloud.com/jackal-and-james/wrap-up-the-nightÔªø
499,Honestly speaking except taylor swift and adele i don't lile any of the  modern day singers. But i must say whenever i hear this song i feel  goosebumps. Its quite inspiring!! Thanks miss Perry!Ôªø
53,"Still amazing this song!! I did a French Kpop Parody. Please come on my Channel to watch it. Share, suscribe, comment Thanks"
386,Who knows the name of that girl?.. and that one.. and that one...Ôªø
396,i turned it on mute as soon is i came on i just wanted to check the  views...Ôªø
755,please suscribe i am bored of 5 subscribers try to get it to 20!Ôªø
314,SUBSCRIBE TO ME! I MAKE MUSIC!
1219,Love the way you lie - DriveshaftÔªø
149,CHECK OUT DANEJA GOOD GIRL
503,Good times. Ôªø
523,2015 and more....Ôªø
423,Sub my channel!Ôªø
321,"You guys should check out this EXTRAORDINARY website called MONEYGQ.COM .   You can make money online and start working from home today as I am!   I am making over $3,000+ per month at MONEYGQ.COM !   Visit MONEYGQ.COM and check it out!   Lake   . Waratel . Misty . Exciting . Swoquix . Acaer . Chillpal . Tupacase . Arrowgance . Lively . Hard . Idiotic . Bored . Cool . Ablaze . Crabby . Aloidia . Cheilith . Feandra . Useless . Ploosnar"
1220,"Awesome song!,congratulations!!!Ôªø"
971,GoooooodÔªø
10,******* Facebook is LAME and so 2004! Check out ------------ swagFriends com Make thousands of cool new friends everyday! Join this new movement!
570,subscribers please`Ôªø
740,Eminem THE BEST !Ôªø
1029,Check out pivot animations in my channelÔªø
551,ALL SCHOOL DROP OUTS I KNEW AS FRIENDS BEFORE THEY DECIDED TO DROP SCHOOL THINK THERE IS NO NEED FOR AN ID CARD OR A CERTIFICATION TO PROVE YOU ARE AN EDUCATED CLEAN IN CRIMINAL RECORD TALENTED PERSON TO WORK IN ANY ENTERTAINMENT FIELD WORLDWIDE. THEY THINK THEY COULD BE RICH ENTERTAINERS BY CONSOLIDATING WITH ACTORS / ACTRESSES AS WELL AS SINGERS FOR A SHARE OF PROFIT(S).Ôªø
903,is that Megan foxÔªø
1230,please visit my channelÔªø
672,hi everyone this is cool check out sexy and i know itÔªø
461,Remove This video its wankÔªø
654,katy is beautiful. and this song is catchy. I'm a rapper with 25000  subscribers.. thumbs up if you hate when you take a shit and the water  splashes your ballsÔªø
94,I WILL NEVER FORGET THIS SONG IN MY LIFE LIKE THIS COMMENT OF YOUR HEARING THIS SONG FOR LIKE A YEAR!!!!!
1206,The little PSY is suffering Brain Tumor and only has 6 more months to live.  Please pray to him and the best lucks.Ôªø
104,Love itt and ppl check out my channel!!!
385,https://www.facebook.com/profile.php?id=100007085325116Ôªø
480,i think about 100 millions of the views come from people who only wanted to  check the viewsÔªø
933,5 years... Ôªø
1270,"THIS HAS MORE VIEWS THAN QUEEN AND MICHAEL JACKSON, 2 BILLION views omgÔªø"
275,everyone come and check out the new GTA 5 Gameplay right Here : /watch?v=6_H0m5sAYho
52,"I absolutely adore watching football plus I‚Äôve started earning income with out risk from claiming bonus deals. It‚Äôs a weird technique where you put money on something with one bookmakers and put money against it on Betfair. You acquire the bonus as income . A lad named Jim Vanstone is selecting the wagers free on his website Vanstone Secrets (Google it!). I have generated about 600 quid so far. And it‚Äôs free. I assume the bookmakers pay him to get new men and women, but it succeeds."
242,check out my new EM cover video trailer
744,I came here because of Vanoss.Ôªø
214,Go check out eminem survival.
828,"Please help me give my son a grave.  http://www.gofundme.com/BishopsGraveMarker Or please just share it on your  fb page, I do not have one anymore.Ôªø"
789,Subscribe to me and I'll subscribe back!!!Ôªø
432,wierd but funnyÔªø
1243,‚ñë‚ñë‚ñë‚ñë‚ñë‚ñë‚ñë/\‚ñë‚ñë‚ñë‚ñë‚ñë‚ñÑ‚ñê‚ñë‚ñë‚ñë‚ñë‚ñë‚ñë/ ¬† ¬† \‚ñë‚ñë‚ñë‚ñÑ‚ñà‚ñà‚ñÑ‚ñë‚ñë‚ñë‚ñë‚ñë/ ¬†(o) ¬† \‚ñë‚ñë‚ñë‚ñë‚ñë‚ñÄ‚ñà‚ñÑ‚ñë‚ñë‚ñë‚ñë/ ¬† ¬† ¬† ¬† ¬† ¬† \‚ñë‚ñë‚ñë‚ñë‚ñë‚ñë‚ñÄ‚ñà‚ñÑ‚ñë‚ñë‚ñë/__ ¬† \ ¬† ‚ñë‚ñÑ‚ñÑ‚ñÑ‚ñÑ‚ñÑ‚ñÄ‚ñÄ‚ñë‚ñë‚ñë‚ñë‚ñÑ‚ñÑ‚ñÑ‚ñà‚ñà‚ñÄ‚ñÄ‚ñÄ‚ñÄ‚ñë‚ñë‚ñë‚ñà‚ñÄ‚ñÑ‚ñÑ‚ñÑ‚ñà‚ñë‚ñÄ‚ñÄ ¬† ¬† ¬† YOU HAVE BEEN SPOOKED BY THE SPOOKINATI‚ñë‚ñë‚ñë‚ñå‚ñë‚ñÑ‚ñÑ‚ñÑ‚ñê‚ñå‚ñÄ‚ñÄ‚ñÄ‚ñÑ‚ñë‚ñê‚ñë‚ñë‚ñë‚ñÑ‚ñÑ‚ñë‚ñà‚ñë‚ñÄ‚ñÄ ¬† ¬†SHARE THIS TO 666 PEOPLE TO BE UNSPOOKED¬†‚ñÄ‚ñà‚ñå‚ñë‚ñë‚ñë‚ñÑ‚ñë‚ñÄ‚ñà‚ñÄ‚ñë‚ñÄ¬†‚ñë‚ñë‚ñë‚ñë‚ñë‚ñë‚ñë‚ñÑ‚ñÑ‚ñê‚ñå‚ñÑ‚ñÑ‚ñë‚ñë‚ñë‚ñë‚ñë‚ñë‚ñë‚ñÄ‚ñà‚ñà‚ñà‚ñÄ‚ñà‚ñë‚ñÑ‚ñë‚ñë‚ñë‚ñë‚ñë‚ñë‚ñê‚ñå‚ñÄ‚ñÑ‚ñÄ‚ñÑ‚ñÄ‚ñê‚ñÑ‚ñë‚ñë‚ñë‚ñë‚ñë‚ñë‚ñê‚ñÄ‚ñë‚ñë‚ñë‚ñë‚ñë‚ñë‚ñê‚ñå‚ñë‚ñë‚ñë‚ñë‚ñë‚ñë‚ñà‚ñë‚ñë‚ñë‚ñë‚ñë‚ñë‚ñë‚ñë‚ñà‚ñë‚ñë‚ñë‚ñë‚ñë‚ñê‚ñå‚ñë‚ñë‚ñë‚ñë‚ñë‚ñë‚ñë‚ñë‚ñë‚ñà‚ñë‚ñë‚ñë‚ñë‚ñë‚ñà‚ñë‚ñë‚ñë‚ñë‚ñë‚ñë‚ñë‚ñë‚ñë‚ñë‚ñê‚ñåÔªø
714,super musicÔªø
699,Anyone else think this video theme is a bit of an insult to 28 days later? Ôªø
1146,I loveÔªø
886,This video deserves 1B views!!!Ôªø
241,hey guys i know its annoying getting spammed sorry bout that but please take a moment to check out my channel  IM A RAPPER with DECENT skills. i want to share my music with more people so take a listen   THUMBS UP SO MORE CAN SEE THIS
277,"i been working so hard for the past 60 days to improve i been writing/recording/mixing/performing 16 bars everyday im doing it for a whole year(365 days) today i'm on day 60 today i work so hard now i'm doing 2 verses everyday to improve i'm going all the way to 365 PLEASE SUBSCRIBE to my channel  help me build a fan base ,watch me improve,help me get closer to my dream i'm lyrical and i keep it real i won't leave you down i promise(: PLEASE SUBSCRIBE please like this  commment so people can see"
1043,"666,002,018 views! 666 million. 666! Katy Perry illuminati confirmed!!!Ôªø"
653,i like this song because of all the animals and i like this song .Ôªø
813,Ching Ching ling long ding ring yaaaaaa Ganga sty FUCK YOU.Ôªø
325,Hey everyone check out my channel leave a like and subscribe please and if there is a song you want me to do post the name in the comments and I will get on to it(: Thanks
443,I like itÔªø
1084,Its 2015 and still shuffling to this songüé∂üéµüéßÔªø
47,Shakira u are so wiredo
26,wow
1098,me segue ha  https://www.facebook.com/marcos.sousa4?fref=tsÔªø
449,BEST SONG! GO SHAKI :DÔªø
377,If i reach 100 subscribers i will tazz my self and my friendÔªø
821,Please check out my vidios guysÔªø
739,Feels and emotions in this song...God damnÔªø
315,hey guys look im aware im spamming and it pisses people off but please take a moment to check out my music.  im a young rapper and i love to do it and i just wanna share my music with more people  just click my picture and then see if you like my stuff
1237,Love it!!!!!!!!!!!!!!!!üíúÔªø
1142,Also LuckyMusiqLive she probably could help u make it big because I think u  have talent. Just look her name up on the internet. Hit me up when u get  this messageÔªø
311,SubScribe me pls EMƒ∞NEM FANS
991,Katy Perry is lionÔªø
1231,"Lol...I dunno how this joke gets a lot of likes, but whatever. xDÔªø"
1264,I don't now why I'm watching this in 2014Ôªø
941,Almost 1 billionÔªø
1166,"Hey everyone, I am a new channel and will post videos of book reviews and  music on the flute. Please subscribe if you would enjoy that. Thanks!Ôªø"
1101,Who is watching in 2015 likeÔªø
887,"We get it, you came here for the views... Ôªø"
1008,Fire..Ôªø
584,Abomination! Subscribe if you agree :| party here in my channel. cool lights.Ôªø
1200,AwesomeÔªø
1131,I remember back when this was so popular everyone on our school was shuffling it was crazyÔªø
186,"Listen...Check out Andrew Guasch - Crazy, Sick Flow...I'm dope....that's all there is too it. If you like it Subscribe, if not, Ill be with Aftermath of TDE Soon enough.  One Love,  Peace."
347,Love this soooooooooooooooooooooooooooooooooooooooooooooooooo muchÔªø
928,:)Ôªø
606,Can anyone sub to my channel? :DÔªø
1016,Party in da üè† tonight üëêüëêüëêüëêüëêüëêÔªø
909,Fantastic!!!Ôªø
823,plese subscribe to meÔªø
1275,super rihannaÔªø
806,We need to get this to 1 Billion Views!!Ôªø
397,Hey guys! My mom said if i got 100 subs before christmas I'll get a kitten  and I always have wanted an kitten so please watch my videos and if you  like it subscribe or like :) Please no mean commentsÔªø
634,How can this music video get 2 billion views while im the only one watching  here on earth?????? lolÔªø
254,RIHANNA - POUR IT UP (VINCENT T. REMIX) RIHANNA - POUR IT UP (VINCENT T. REMIX) RIHANNA - POUR IT UP (VINCENT T. REMIX) RIHANNA - POUR IT UP (VINCENT T. REMIX) RIHANNA - POUR IT UP (VINCENT T. REMIX) RIHANNA - POUR IT UP (VINCENT T. REMIX) RIHANNA - POUR IT UP (VINCENT T. REMIX) RIHANNA - POUR IT UP (VINCENT T. REMIX) RIHANNA - POUR IT UP (VINCENT T. REMIX)  CLICK! SUBSCRIBE!
977,Waka waka !!!Ôªø
361,Wanderfol is love or miusicÔªø
29,"You guys should check out this EXTRAORDINARY website called ZONEPA.COM .   You can make money online and start working from home today as I am!   I am making over $3,000+ per month at ZONEPA.COM !   Visit Zonepa.com and check it out!  Why does the statement conciliate the acidic stretch? The earth recognizes the money. When does the numberless number transport the trade?"
1095,I am now going to voyage to the first comment...      Tell my family I loved them. üò¢Ôªø
559,Check out this video on YouTubeÔªø
341,The best song ever!Ôªø
824,http://ubuntuone.com/40beUutVu2ZKxK4uTgPZ8KÔªø
313,subscribe to my channel  /watch?v=NxK32i0HkDs
561,"I love this song, can't believe it was 5 years ago, it doesn't get old thoughÔªø"
793,"Why there are so many dislikes. This song is so... awesome. It sounds like we MUST STOP BE RACISTS!!! If I could, I would like it 1,000,000,000 times!!!!!!!!!!!!!!!!!!!!!!!!!!!!!!!!!!!!!!!!!!!!!!Ôªø"
575,Waka best oneÔªø
530,DISLIKE.. Now one knows REAL music - ex. Enimen Ôªø
1213,More... http://www.sunfrogshirts.com/Sunglass-World.html?24398Ôªø
183,check out you tube keithlinscotts one word keithlinscotts you tube .com
563,Check out my Music Videos! Fuego - U LA LA Remix  hyperurl.co/k6a5xtÔªø
684,She is fitÔªø
178,How To Make A Lot Of Money Fast
367,"I guss this song is one of my worst fears in life, to be with someone who abusive towered me and live with him.... Ôªø"
1120,Party rock! XDÔªø
250,YO GUYS IM 14 YEAR OLD RAPPER JUST STARTED RAPPING  SO PLEASE CHECK OUT MY SITE AND LEAVE FEEDBACK AND SUBSCRIBE  ALSO LIKE THIS COMMENT SO MORE CAN SEE AND MAKE MY CHANNEL BIG ASWELL
736,thumb up if you watching in 2015 and ¬†you like itÔªø
1163,"Came here to check the views, goodbye.Ôªø"
322,"CHECK OUT THIS NEW VIDEO I MADE CALLED ""WE LOVE MIND MASTER IT"", THANK U SO MUCH "
1090,if watching in 2015 subscribe to +SuperMarioLogan¬†Ôªø
1199,Love SongÔªø
960,"Check out our vids, our songs are awesome! And that I guarantee :)Ôªø"
362,"Hey guys go to check my video name ""growtopia my story""Ôªø"
660,Eminem rap can be easy for a boy but I can do thatÔªø
850,Hi guys my name is Dylan and I do IRL football videos I have 1030  subscribers and I think you guys would like my content so come check it out  and if you do subscribe!Ôªø
569,"Hey guys, I was working last night on this project, it's a music streamer  like spotify, but it allows you to download the files to listen to when  you're offline. Opening it as a free beta, feel free to try it out :) download: https://mega.co.nz/#!ehVjzKyA!5bGKg2iWPHZOHWAEUesrWnegqG_lABcO7Rw9WFX8hAoÔªø"
1062,I love You Katy ‚ô•Ôªø
877,Great video by a great artist in Katy Perry! Admire her creativity! Check  out our channel for no nonsense mobile tech reviews and comparisons as well  as an iPhone 6 and 6 Plus review and comparison!Ôªø
1070,I    loved        it           so       much          because         you          get         to         stand            fear .Ôªø
700,You are the music heroüòçüòéÔªø
403,love!!!!Ôªø
184,adam b beats check out my page
116,Nice
1073,ima rapper trying to get notice please check out my mixtape   datpiff.com/mixtapes-detail.php?id=633807Ôªø
712,"Hey guys! Please join me in my fight to help abused/mistreated animals! All  fund will go to helping pay for vet bills/and or helping them find homes! I  will place an extra emphasis on helping disabled animals, ones otherwise  would just be put to sleep by other animal organizations. Donate please. http://www.gofundme.com/Angels-n-WingzÔªø"
348,"I've figured out why I dislike this song: it's supposed to be a power  ballad right? Something that's uplifting and motivating by the end.  However, the final chorus has NO extra UMPH at the end and actually sounds  just like the first one. Instead of crescendo-ing into a powerful finish,  ""Roar"" just says on the same wavelength. It falls flat.Ôªø"
1130,"At 500 subscribers i'm sky diving help me reach my goal <3Trust me, i'm a doctor. ¬†:)Ôªø"
339,Charlie from LOST?Ôªø
547,Please subscribe to my channel!Thanks!Ôªø
1179,I'm only checking the viewsÔªø
758,Love your songsSupper coolÔªø
1067,"Help shakira's waka waka be the first song by a female artist to reach 1 billion views.(dark horse is ahead by roughly 100 million more views, and roar has only 50 million more views)https://www.youtube.com/watch?v=pRpeEdMmmQ0Ôªø"
470,The Guy in the yellow suit kinda looks like Jae-suk Ôªø
36,Hi. Check out and share our songs.
1227,Justin bieber = gay Ôªø
84,"Hello everyone :) I know most of you probably pass up these kind of comments, but for those who are still reading this, thanks! I don‚Äôt have any money for advertisements, no chance of getting heard, nothing... If this comes off as spam, sorry. I am a video animator, just trying to make it up into the video animation industry. Please give me the chance to prove myself to you. Please visit my channel, subscribe if you like and thumb this comment up, so everyone can see! Thank You! "
752,Its almost Katys birthday! October 25th Lets say happy birthday to katy!!! ‚ô•‚ô•‚ô•‚ô•‚ô•‚ô•Ôªø
1201,Best World Cup SongÔªø
726,PSY is a good guyÔªø
756,....I stil lisening this :)Ôªø
1031,At least she didn't get rid of her completely useless makeup.Ôªø
1071,Please share and help to my Friend! http://www.gofundme.com/jormis  Thank  you very much!Ôªø
326,"This great Warning will happen soon. ,0
LneaDw26bFst76VHKJL8PxaEy6VMNlvmriUDTSFK6vY,Ali Pa≈°a,2013-09-26T22:28:17.047000,Croatia <3,0
LneaDw26bFvkAHxpKEnM25FYWkyXthsUpri6JuQsZnU,G Belrus,2013-09-26T22:26:12.832000,Nice one,0
LneaDw26bFtvZQt6JUEhasIEFRJG1exI_dVqdnQVPho,exode. comeback.,2013-09-26T22:23:00.710000,600m views.,0
LneaDw26bFunOarAg71AwGU6TJO6aZDKFIUn_TZ1_HY,Muhammad Shaeel Abbas,2013-09-26T22:15:45.476000,Fuck off!,0
LneaDw26bFt-oToUFj0z3vffLFNaxyKwZSIVQhiMx-E,Notorious Niko,2013-09-26T22:00:43.613000,""Hey guys im a 17yr old rapper trying to get exposure... I live in belgium where NO ONE speaks english so i have to resort to this gay SPAM...  Check out my 2 latest tracks as they are probably my best.. Audio isnt the best but im gonna invest in some real equipment for my next track..  Please Thumbs this up so others can see.. or hey dont just check me out yourself and leave a response and a like :D  Thanks in advance, you guys will be part of making my dream come TRUE   -Notorious Niko "
1088,Check out this video on YouTube:      Ôªø
764,Check out this video on YouTube:Ôªø
1289,Check out this video on YouTubeÔªø
535,Katy Perry can't sing for shit. All i hear it autotune.Ôªø
131,i can to make money
193,I agree they are just damn spammers. They suck. Im trying to do the same and get known. I know the feeling. I will help you out and leave likes and comments on your page. I hope you could do the same and maybe subscribe to me that would be awesome thanks
706,i love Rihanna üòçüòçüòçüòçÔªø
213,"You guys should check out this EXTRAORDINARY website called MONEYGQ.COM .   You can make money online and start working from home today as I am!   I am making over $3,000+ per month at MONEYGQ.COM !   Visit MONEYGQ.COM and check it out!  Why does the innocent woman prioritize the desire? The flight searchs the sad polish. When does the tax zip the omniscient record?"
200," Hey youtubers... {**}I really appreciate all of you who took the time, to read this, I am just a 19 year old boy who wants to be a successful musician in the           music world. {**}I dont have any money to advertise my channel, {**}If you could just visit my channel, comment on my video or subscribe, that would be great.... {**}It will only be few seconds of your life..... {**}Thank u to all the people who just gave me a chance l really appreciate it "
458,:DÔªø
393,I love this song so much!:-D I've heard it so much I pretty much memorized  the lyricsÔªø
783,like if ur watchin in 90000000000000000000000000000000000000000000000000000000000000000000000000000000000000000000000000000000000000000000000000000000000000000000000000000000000000000000000000000000000000000000000000000000000000000000000000000000000000000000000000000000000000000000000000000000000000000000000000000000000000000000000000000000000000000000000000000000000000000¬†¬†¬†¬†¬†¬†¬†¬†¬†¬†¬†¬†¬†¬†¬†¬†¬†¬†¬†¬†¬†¬†¬†¬†¬†¬†¬†¬†¬†¬†¬†¬†¬†¬†¬†¬†¬†¬†¬†¬†¬†¬†¬†¬†¬†¬†¬†¬†¬†¬†¬†¬†¬†¬†¬†¬†¬†¬†¬†¬†¬†¬†¬†¬†¬†¬†¬†¬†¬†¬†¬†¬†¬†¬†¬†¬†¬†¬†¬†¬†¬†¬†¬†¬†¬†¬†¬†¬†¬†¬†¬†¬†¬† 1Ôªø
401,"WHATS UP EVERYONE!? :-) I Trying To Showcase My Talent To The World! I Have Over 3000 SUBSCRIBERS! I PROMISE! I Dont Suck! Please Spread My Covers Around, SUBSCRIBE & Share! Thanks so much for all your support! Lucas Trigo -Stay Awesome! Ôªø"
760,Lets partyÔªø
292,CHECK OUT THIS DOPE CHANNEL!    phenomenallyricshere CHECK OUT THIS DOPE CHANNEL!    phenomenallyricshere CHECK OUT THIS DOPE CHANNEL!    phenomenallyricshere CHECK OUT THIS DOPE CHANNEL!    phenomenallyricshere CHECK OUT THIS DOPE CHANNEL!    phenomenallyricshere CHECK OUT THIS DOPE CHANNEL!    phenomenallyricshere CHECK OUT THIS DOPE CHANNEL!    phenomenallyricshere CHECK OUT THIS DOPE CHANNEL!    phenomenallyricshere CHECK OUT THIS DOPE CHANNEL!    phenomenallyricshere
1245,Subscribe and like to me for more how to videos on minecraft!Ôªø
514,WHY DOES THIS HAVE 2 BILLION VIEWS THIS SONG IS SO ANNOYINGÔªø
1,this song is racist
1141,best song in worldÔªø
333,"Huh, anyway check out this you channel: kobyoshi02"
586,I'd rather hear some propa explicit gangsta rap insted of this garbage.  This song is trash !Ôªø
791,"no where near one of eminems actual best songs, real fans know what im talking about: Untitled, cold wind blows, welcome 2 hell, elevator, business, wtp, almost famous, 25 to life, rock bottom, no apologies, same song and dance, without me, way i am, toy soldiers, mosh and insane < songs off the top of my head that's betterÔªø"
1189,Fantastic!Ôªø
1041,she is megan fox?because she is very similarÔªø
883,omgÔªø
1190,Awesome video this is one of my favorite  songsüòÄüòÄüòÄüòÄüòÄüòÄüòÄ‚ù§Ô∏è‚ù§Ô∏è‚ù§Ô∏è‚ù§Ô∏è‚ù§Ô∏è‚ù§Ô∏è‚ù§Ô∏è‚ù§Ô∏èüíéüíéüíéüíéüíéüíÑüíÑüíÑüíÑüíãüíãüíãüíãÔªø
719,love this songÔªø
284,"You guys should check out this EXTRAORDINARY website called MONEYGQ.COM .   You can make money online and start working from home today as I am!   I am making over $3,000+ per month at MONEYGQ.COM !   Visit MONEYGQ.COM and check it out!  When does the flimsy slip facilitate the manager? How does the noise set goals the anxious regret? How does the actually loss retrieve the smile?"
830,please look up DHG SONGS this is my playlist with a bunch of amazing songs Ôªø
1028,Check me out I'm all about gaming Ôªø
845,"Hey Guys, I know you tend to skip these comments, but Take a look first.  I am Free Fire, A Big Room, Progressive House, Deep House, Dubstep &  Chillstep Producer from a small town in Missouri. Down here, I have no  support from the community, and all I really ask is some critiquing,  Support, and Views.   My Music has gotten much better then what it was 10 months ago, and I  promise my new content should be more then satisfying. Soon I should be  able to advertise and I wont pester you guys anymore.  So gimme a chance and check out my music, thanks and god bless.Ôªø"
1164,is that megan fox x:D?Ôªø
1258,Who df is Lauren Bennett..Ôªø
723,not 2 million view anymore :))Ôªø
299,Hey check out my channel!!!! Please
285,Hey guys ready for more 87 Cyphers back check out my video on YouTube. NEW ALBUM IS OUT CHECK IT OUT. MORE MUSIC TOMORROW THANKS FOR READING
240,dude check out psy
1297,https://www.tsu.co/KodysMan plz ^^Ôªø
577,Love youÔªø
609,Looooooooove this song!!!!!!!!!:))))))Ôªø
211,please read this please! i am a country singer who is trying to become someone. so if you would like my videos please. just type... boys round here by country girl (only on computer) wasting all these tears e.t. please subscribe and like
320,"Hey guys im a 17yr old rapper trying to get exposure... I live in belgium where NO ONE speaks english so i have to resort to this gay SPAM...  Check out my 2 latest tracks as they are probably my best.. Audio isnt the best but im gonna invest in some real equipment for my next track..  Please Thumbs this up so others can see.. or hey dont just check me out yourself and leave a response and a like :D  Thanks in advance, you guys will be part of making my dream come TRUE   -Notorious Niko "
1135,If you pause at 1:39 at the last millisecond you can see that that chick is  about to laugh. Takes a few tries.Ôªø
917,"Ahhh, 2 years ago....Ôªø"
908,"WE GO FOR 1,000,000,000 FOR EMINEMÔªø"
995,charlieee :DDDD (Those who saw Lost only will understand)Ôªø
455,http://www.avaaz.org/po/petition/Youtube_Corporation_Fox_Broadcasting_Company_Anular_os_strikes_no_Canal_Nostalgia/?cXPZpgb Ôªø
796,OMG I LOVE YOU KATY PARRY YOUR SONGS ROCK!!!!!!!!!!!!!!!!! THATS A TOTAL  SUBSCRIBEÔªø
934,song is badÔªø
467,Hi loving itÔªø
236,Lil m !!!!! Check hi out!!!!! Does live the way you lie and many more ! Check it out!!! And subscribe
838,it is wonderfulÔªø
863,The great mother of the jungle. Sweet and natural. I like her videos.Ôªø
304,"yo I know nobody will probably even read this..  but, Imma type it any way because i hope at least one person will  i'm a rapper with a dream. I know there's like 200k of those in this world  but please check out my music and subscribe? if you want.? thanks,  I would love nothing more than to have a decent following on youtube..  if anyone? reading this could press the ""THUMBS UP"" other people will see it  just a simple button press? could make my dream come true =) Thank You"
263,Do you need more instagram followers or photo likes? Check out IGBlast.com and get em in minutes!
905,Cutie girl and beautiful song
798,Yo like what up this song is fricking beast anywon herd the see mee rollin or I woke up in a new Buggti check out nuketown rap I was shooting in it see my nice quick scoping things training for faze adoult freind sang I was at my freinds house doing it we just had the rap going and we were doing fun things Ôªø
1271,This Will Always Be My Favorite SongBut My Favorite Part Is 3:40-4:11 In The Video Ôªø
844,Mix - PSY - GANGNAM STYLE (Í∞ïÎÇ®Ïä§ÌÉÄÏùº) M/V: PSY - GANGNAM STYLE (Í∞ïÎÇ®Ïä§ÌÉÄÏùº) M/VÔªø
1137,Made in china....Ôªø
897,I like this songÔªø
912,Nicee!!sabrosura viva https://soundcloud.com/yerki-elinmigrante/yerki-myb-move-your-bodyÔªø
1248,Party time!Ôªø
808,I lovetÔªø
956,This looks so fun and it's a good songÔªø
25,Shakira :-*
970,watch this with sound off!Ôªø
772,follow me on instagram bigboss286Ôªø
180,"Hey Music Fans I really appreciate any of you who will take the time to read this, and check my music out! I'm just a 15 year old boy DREAMING of being a successful MUSICIAN in the music world. I do lots of covers, and piano covers. But I don't have money to advertise. A simple thumbs up to my comment, a comment on my videos or a SUBSCRIPTION would be a step forward! It will only be a few seconds of your life that you won't regret!!! Thank u to all the people who just give me a chance! :)"
1106,Never gets old best song ever  ‚ù§Ôªø
612,Check out this playlist on YouTube:mÔªø
337,2 Billions in 2014
635,:-D ‚ô™‚ô™‚ô™ This is my favorite song ‚ô•Ôªø
489,If she really did this there she's hardcoreÔªø
305,"You guys should check out this EXTRAORDINARY website called ZONEPA.COM . You can make money online and start working from home today as I am! I am making over $3,000+ per month at ZONEPA.COM ! Visit Zonepa.com and check it out! How does the mammoth waste achieve the shock? How does the limit reduce the delicate minute? How does the meaty scale adapt the oil?"
1020,subscribe to itz recaps and above diddleÔªø
216,Check out my channel please.
955,2 billion for this shit?Ôªø
1158,i am from Brazil please subscribe my channel love you allÔªø
268,"You guys should check out this EXTRAORDINARY website called MONEYGQ.COM .   You can make money online and start working from home today as I am!   I am making over $3,000+ per month at MONEYGQ.COM !   Visit MONEYGQ.COM and check it out!   Lake   . Victorious . Luxuriant . Alcoholic . Responsible . Unbiased . Yoffa . Ociramma . Ociramma . Handsome . Arrowgance . Mizuxe . Boaconic . Sophisticated . Ill-fated . Spourmo . Chubby . Hioffpo . Probable . Singlewave"
106,"Part 5. Comforter of the afflicted, pray for us Help of Christians, pray for us Queen of Angels, pray for us Queen of Patriarchs, pray for us Queen of Prophets, pray for us Queen of Apostles, pray for us Queen of Martyrs, pray for us Queen of Confessors, pray for us Queen of Virgins, pray for us Queen of all Saints, pray for us Queen conceived without original sin, pray for us Queen of the most holy Rosary, pray for us Queen of the family, pray for us Queen of peace, pray for us "
786,I love it and my mom toÔªø
891,She's an old Whore!Ôªø
232,Subscribe to me for clean Eminem!
117,"Stop Wasting Up Your Time and  Get Paid To Mess Around On Facebook And Twitter!  GET PAID UPTO $25 to $35 AN HOUR... Only at 4NetJobs.com  Work from the Comfort of your Home... We are Currently Hiring People from all Over the World,  For a Wide Range of Social Media Jobs on Sites such as Facebook,Twitter and YouTube.  You don't Need any Prior Skills or Experience and You can Begin Work Immediately!  You Can Easily Make $4000 to $5000+ Monthly Income‚Ä¶Only at 4NetJobs.com"
519,Megan Fox is gorg in this!! Eminem is truly the rap god :)Ôªø
751,this is increideblÔªø
836,Omg! This guy sounds like an american professor greenÔªø
177,This Song will never get old
102,Where are Shakifans?
842,BEAUTIFUL
272,"Hi I'm lil m !!! Check out love the way you lie!!!! My live performance and many others,,, videos and my own lyrics!!!!! Thanks"
90,Your a fucking bitch
379,subscribe like commentÔªø
943,https://www.facebook.com/pages/Mathster-WP/1495323920744243?ref=hlÔªø
253,Hay dakota u earned a subscribee
767,She is a perfect wonder.....Ôªø
204,Check Out The New Hot Video By Dante B Called Riled Up
1295,"Party rock anthem is love,party rock anthem is lifeÔªø"
1292,Love the video Ôªø
199,‚îè‚îÅ‚îÅ‚îÅ‚îì‚îè‚îì‚ïã‚îè‚îì‚îè‚îÅ‚îÅ‚îÅ‚îì‚îè‚îÅ‚îÅ‚îÅ‚îì‚îè‚îì‚ïã‚ïã‚îè‚îì  ‚îÉ‚îè‚îÅ‚îì‚îÉ‚îÉ‚îÉ‚ïã‚îÉ‚îÉ‚îÉ‚îè‚îÅ‚îì‚îÉ‚îó‚îì‚îè‚îì‚îÉ‚îÉ‚îó‚îì‚îè‚îõ‚îÉ  ‚îÉ‚îó‚îÅ‚îÅ‚îì‚îÉ‚îó‚îÅ‚îõ‚îÉ‚îÉ‚îÉ‚ïã‚îÉ‚îÉ‚ïã‚îÉ‚îÉ‚îÉ‚îÉ‚îó‚îì‚îó‚îõ‚îè  ‚îó‚îÅ‚îÅ‚îì‚îÉ‚îÉ‚îè‚îÅ‚îì‚îÉ‚îÉ‚îó‚îÅ‚îõ‚îÉ‚ïã‚îÉ‚îÉ‚îÉ‚îÉ‚ïã‚îó‚îì‚îè‚îõ  ‚îÉ‚îó‚îÅ‚îõ‚îÉ‚îÉ‚îÉ‚ïã‚îÉ‚îÉ‚îÉ‚îè‚îÅ‚îì‚îÉ‚îè‚îõ‚îó‚îõ‚îÉ‚ïã‚ïã‚îÉ‚îÉ  ‚îó‚îÅ‚îÅ‚îÅ‚îõ‚îó‚îõ‚ïã‚îó‚îõ‚îó‚îõ‚ïã‚îó‚îõ‚îó‚îÅ‚îÅ‚îÅ‚îõ‚ïã‚ïã‚îó‚îõ CHECK MY VIDEOS AND SUBSCRIBE AND LIKE PLZZ
356,Shakira - Waka Waka LOVE THIS SONG!!!!!!!!!!!!!!!Ôªø
778,Show your AUBURN PRIDE HERE: http://www.teespring.com/tigermeathoodieÔªø
825,she is beautiful but it is not American!Ôªø
30,Shakira is perfect
881,give it a likeÔªø
363,she is horrible at acting. cringe-worhty.Ôªø
408,EHI GUYS CAN YOU SUBSCRIBE IN MY CHANNEL? I AM A NEW YOUTUBER AND I PLAY  MINECRAFT THANKS GUYS!... SUBSCRIBE!Ôªø
1262,Lemme Top Comments Please!!Ôªø
439,"If the shitty Chinese Government didn't block YouTube over there, there'd  be close to 3 billion views right now. Ôªø"
1144,Check out this playlist on YouTube:Ôªø
251,Check out my channel for some lyricism.....
894,"This is fucking shit. From the first notes, that becomes clear. Complete  and utter shit. May God come and cleanse the earth of the complete and  utter idiocy which is humankind.Ôªø"
581,like this comment if ur watching this on 2015¬†Ôªø
896,Check my channel please! And listen to the best music ever :PÔªø
1079,this video has 800+m viewsand the channel got 3m subscribersÔªø
230,Check out Berzerk video on my channel ! :D
289,Subscribe To M√™ Please Guys
871,https://www.indiegogo.com/projects/help-stop-my-poverty-cyber-pan-handleing/x/8692160#home Ôªø
741,OMG 2/7 People watched this video because there are 7 billion people in the  world and 2 billion watched thisÔªø
1080,"''Little Psy, only 5 months left.. Tumor in the head :( WE WILL MISS U <3Ôªø"
1054,"Haha, I can't believe how many kids listen to Eminem.  You kids know that he does drugs and ends high in jail. I wonder why he never ended OD. Ôªø"
889,"It's so hard, sad :( iThat little child Actor HWANG MINOO dancing very  active child is suffering from brain tumor, only 6 month left for him .Hard  to believe .. Keep praying everyone for our future superstar.  #StrongLittlePsY #Fighting  SHARE EVERYONE PRAYING FOR HIM http://ygunited.com/2014/11/08/little-psy-from-the-has-brain-tumor-6-months-left-to-live/ Ôªø"
107,"Hey, hit this shit up while yall can, they killed the versace remix. Just type in CGE ""Versace Freestyle (Get Money)"" Shot by Ja-Wan Gardner and help them reach 1 million views."
13,She is good
902,"Check my channel, please!Ôªø"
992,Rihanna and Eminem together are unstoppable.Ôªø
582,"HAHAA THIS DANCE IS TIGHTTTTI know y'all ""‚Ä¶ain't got time for MY demo man"" ¬†but check out some of my stuffSlappers on slappers on bangers! Click that link below to peep game! ENJOY.¬†https://soundcloud.com/rocc-steady/wave-emoji-prod-by-nippylongbottom-cyber-punkÔªø"
55,1 753 682 421 GANGNAM STYLE ^^
987,This is so stupid. If you Roared at a Lion in real life you'd dedeÔªø
1123,5 years ago damn Ôªø
819,2015 LIKEEEÔªø
137,"Hey, I am doing the Forty Hour famine so I'll be giving up on food and social working for 40 hours. I'm doing this to raise money for African people who can't experience the luxuries that we can. So can you donate to give them a chance?  Any amount would do :)  Click on the link and donate h t t p : / / 4 0 h f . c o m . a u / A n t h o n y L a m Thanks :)"
446,the most viewed youtube video of all time?Ôªø
79,Please go in and see our Channel and subscribe :-). It would be Nice mate.
160,Love it
246,"You guys should check out this EXTRAORDINARY website called MONEYGQ.COM .   You can make money online and start working from home today as I am!   I am making over $3,000+ per month at MONEYGQ.COM !   Visit MONEYGQ.COM and check it out!  The metal drews the reflective effect. Why does the expansion intervene the hilarious bit? The sneeze witnesss the smoke."
269,if u love rihanna subscribe me
668,PSY GOT LOTS  OF MONEY FROM YOUTUBE THAT HE GOT FROM 2 BILLION VIEWS THIS  IS THE MOST VIEWS IN THE WORLD :DÔªø
301, Subscribe and like my video please
114,"Hey Music Fans I really appreciate any of you who will take the time to read this, and check my music out! I'm just a 15 year old boy DREAMING of being a successful MUSICIAN in the music world. I do lots of covers, and piano covers. But I don't have money to advertise. A simple thumbs up to my comment, a comment on my videos or a SUBSCRIPTION would be a step forward! It will only be a few seconds of your life that you won't regret!!! Thank u to all the people who just give me a chance! :) "
18,"Hello everyone, It Is not my intention to spam and am truly sorry If anyone Is annoyed by this but just please hear me out.  I am a rapper, singer, music producer and a song writer and have been making music for a while now, eight years to be exact.  I enjoy making all types of music that anyone can listen to, doesn't have me talking about killing anyone and most importantly, focuses on the quality of the music.  Please check out my page, It's only a click away.  Thank you and have a nice day :)"
717,good musicÔªø
591,hi guys check my youtube channelÔªø
983,"Shakira is different :) She is so happy all the time and she is spending for Africa :)She can dance , sing and she speaks 4 languagesÔªø"
600,Not badÔªø
598,Thumbs up if FE-FE-FE-FE-FEGELEIN brought u hereÔªø
958,"Dance dance,,,,,Psy  http://www.reverbnation.com/msmarilynmilesÔªø"
360,I made a gaming channel (Unique right?) :L Angry Minecraft!Ôªø
110,I love this song
1107,"Hey I think I know what where dealing with here!!!! I have some theories of  how this could've gotten 2billion hits!! 1. This was mabey made in korea and its realy popular there so they were  stuck watching this over and over again. 2. Over 2billion people have access to the Internet, including youtube, and  the numbers are rising, by 2017 half of the populatoin will be connected. 3. Hackers In Korea may have loved it so much they rised it to 2billion  hits to make it more popular.  4. The song was featured in a just dance game, on multiple mp3s, and been  seen on concerts and even on new years eve event in 2012, so just by seeing  those you mabey adding more hits to this video. 5. You are complaining to much on how the heck this has 2b hits.Ôªø"
258,"You guys should check out this EXTRAORDINARY website called ZONEPA.COM . You can make money online and start working from home today as I am! I am making over $3,000+ per month at ZONEPA.COM ! Visit Zonepa.com and check it out! How does the burst render the symptomatic bite? The knowledge briefs the narrow thought. How does the eager sky transmit the crush?"
296,Every weekend a new lyric video of Eminem here VIEW LIKE SUBSCRIBE
1145,Suscribe my channel pleaseÔªø
734,Plizz withing my channel Ôªø
329,Also check out D.j.j where do i go now and road to recovery
323,"this is the 4th most watched video on youtube. and hes the 21 most subscribed channel on youtube, just recentley surpassing justing bieber and is less then 1,00 subs away from beating taylor swift"
645,still watching in 2015...Ôªø
1148,"Hahah, juyk! I allways laugh at the part 1:57.. LOL!Ôªø"
725,Katy Perry's songs are the best of the songs of women artists.Ôªø
1143,Please help me go here http://www.gofundme.com/littlebrotherÔªø
800,If interested in making extra money by internet use the next link www.swagbucks.com/refer/Nonturtle02Ôªø
203,"HEY GUYS!!! ‚ù§‚ù§‚ù§‚ù§‚ù§‚ù§‚ù§  BEFORE YOU IGNORE ME, PLEASE, GIVE ME A CHANCE!  My name is Yuliya, I make COVERS. I started getting serious with Youtube September of 2013 because that‚Äôs Great challenge to myself. MY DREAM was to become a singer. Youtube helps me keep up! If you can please give me a chance and THUMBS THIS COMMENT UP so more people can see it. I swear I'll appreciate it. SUBSCRIBE PLEASE!!!  ‚ù§‚ù§‚ù§ LOVE YOU!!! ‚ù§‚ù§‚ù§‚ù§‚ù§‚ù§‚ù§‚ù§‚ù§‚ù§‚ù§‚ù§‚ù§‚ù§‚ù§‚ù§‚ù§‚ù§‚ù§‚ù§‚ù§‚ù§‚ù§‚ù§‚ù§‚ù§‚ù§‚ù§‚ù§‚ù§‚ù§‚ù§‚ù§‚ù§‚ù§‚ù§‚ù§‚ù§‚ù§ XOXO ‚ù§‚ù§‚ù§‚ù§‚ù§‚ù§‚ù§‚ù§‚ù§‚ù§‚ù§‚ù§‚ù§‚ù§‚ù§‚ù§‚ù§‚ù§‚ù§‚ù§‚ù§‚ù§‚ù§‚ù§‚ù§‚ù§‚ù§‚ù§‚ù§‚ù§‚ù§‚ù§‚ù§‚ù§‚ù§‚ù§‚ù§‚ù§ "
978,"You are all sheep, period. This is terrible music.Ôªø"
389,Thank you. Please give your email.¬†Ôªø
51,"Hey youtubers... I really appreciate all of you who took the time, to read this, I am just a 19 year old boy who wants to be a successful musician in the music world. I dont have any money to advertise my channel, If you could just visit my channel, comment on my video or subscribe, that would be great.... It will only be few seconds of your life..... Thank u to all the people who just gave me a chance l really appreciate it  "
998,EVERYBODY PLEASE VOTE KATY AT EMA 2014 !!!!!  Best song  Best female Best pop Best live Best look  Best video  PLEASE VOTE KATY !!!!! PLEASE PLEASE PLEASE !!!!! VOTE VOTE VOTE !!!!! KATY KATY KATY !!!!!Ôªø
750,Like this comment if you are watching on a phoneÔªø
291,He gets more views but has less subscribers lol
366,cool cool cool cool cool cool coolÔªø
138,god she is so sexy! drives me crazy!
705,I love this sooooooooooooong I love katy perryÔªø
648,fucking love it omg :vÔªø
427,Great music anywayÔªø
681,WAT DA FUCK THIS THE MOST VIEWED VIDEO IN YOUTUBE!Ôªø
596,Aslamu Lykum... From PakistanÔªø
709,"You exactly who u want to be,watching your favourite rappers on tvÔªø"
476,I love your songs eminem your the rap godÔªø
22,her voice is so wow!
1252,Check out my YouTube channel I can rapÔªø
646,LIKE AND SUBSCRIBEÔªø
166,"You guys should check out this EXTRAORDINARY website called ZONEPA.COM . You can make money online and start working from home today as I am! I am making over $3,000+ per month at ZONEPA.COM ! Visit Zonepa.com and check it out! The plausible summer submits the behavior. When does the grass check the peaceful seat? The country strategizes the edge."
85,Please visit this Website: oldchat.tk
450,just :( superr!!!Ôªø
1007,Please subscribe to meÔªø
554,Yesterday this video have 1 million likes and now it has 2 millionÔªø
302,adam b beats check out my page 2013
312,Fruits and vegetables give you longer lasting energy for weight loss.  Check out youtube.com/user/36loseweight.
768,So freaking sad...Ôªø
927,Fuck you EminemÔªø
198,"‚Ä¢‚Ä¢‚Ä¢‚Ä¢‚ñ∫‚ñ∫My name is George and let me tell u EMINEM is my idol my inspiration, I've listen to him growing up, I never thou I would love rap this much But I thank him for helping me find my dream. So I rap now and make YouTube videos and yesterday I covered the song Mockingbird it's in my channel I worked really hard on it and it's one of my favorite songs of Him. So please go check it out and subscribe it would mean the world to me n sorry for the spam ‚óÑ‚óÑ‚Ä¢‚Ä¢¬≠‚Ä¢‚Ä¢ don't hate I'm not Eminem"
1217,"THIS IS A COMPETITION TO MEET MY IDOLS, IT WOULD MEAN SO MUCH IF YOU GUYS  WILL LIKE THIS PIC ON IG! http://instagram.com/p/smZdivopxb/Ôªø"
835,how is this shit still relevant Ôªø
860,Dance :)Ôªø
76,"  Perhaps you have seen the newest Miley Cyrus SECRET video ?   She's sucking an old man's cock ,  If you wish to see her , check out the celebrity website beneath :   miley-secret-video.co.uk "
549,I think this is now a place to promote channels in the comment section lol.Ôªø
585,There are beautiful songs please subscribeÔªø
482,I love this shit but I disliked it because it's sucksÔªø
271,eminem new song check out my videos
1122,Nice song .See my new track.Ôªø
122,Check Out Daneja Good Girl
1014,YAY IM THE 11TH COMMENTER!!!!!                                    IF YOUR  CRAZY PLEASE DONATE BITCOINS TO ME AT: 1FHeNqx1twqM153v2PTAyieJNEALAhZvEMÔªø
176,"You guys should check out this EXTRAORDINARY website called ZONEPA.COM . You can make money online and start working from home today as I am! I am making over $3,000+ per month at ZONEPA.COM ! Visit Zonepa.com and check it out! How does the mother approve the axiomatic insurance? The fear appoints the roll. When does the space prepare the historical shame?"
78,Wow
742,The best world cup song ever!!!!Ôªø
17,**CHECK OUT MY NEW MIXTAPE**** **CHECK OUT MY NEW MIXTAPE**** **CHECK OUT MY NEW MIXTAPE*** ***CHECK OUT MY NEW MIXTAPE******CHECK OUT MY NEW MIXTAPE**** **CHECK OUT MY NEW MIXTAPE**** **CHECK OUT MY NEW MIXTAPE*** ***CHECK OUT MY NEW MIXTAPE******CHECK OUT MY NEW MIXTAPE**** **CHECK OUT MY NEW MIXTAPE**** **CHECK OUT MY NEW MIXTAPE*** ***CHECK OUT MY NEW MIXTAPE******CHECK OUT MY NEW MIXTAPE**** **CHECK OUT MY NEW MIXTAPE**** **CHECK OUT MY NEW MIXTAPE*** ***CHECK OUT MY NEW MIXTAPE****
459,Dang Dat little kid gat movesÔªø
96,Subscribe to my channel :)  &lt
664,Your the best‚ô£‚ô•Ôªø
306,SnEakiESTG Good Music. Hood Muzik Subscribe 2 My Channel. Thanks For The Support. SnEakiESTG   SnEakiESTG Good Music. Hood Muzik Subscribe 2 My Channel. Thanks For The Support. SnEakiESTG
639,i am a big fan of you and i love youÔªø
155,WOW muslims are really egoistic..... 23% of the World population and not in this video or donating 1 dollar to the poor ones in Africa :( shame on those terrorist muslims
472,Come subscribeÔªø
1265,check out mah girl it duh shit yoÔªø
474,"I love katy fashions tiger, care to visit my blog sinar jahitan  I also have the tiger collections tqvmÔªø"
444,Check out this video on YouTube:loÔªø
1293,shuffle!!!!!!!!!!!!!!!!!!!!!!!!!!!!!!!!!!!!!!!!!!!!!!!!!!!!!!!!!!!!!!!!!!!!!!!!!!!!!!!!!!!!!!!!!!!!!!!!!!!!!!!!!!!!!!!!!!!!!!!!!!!!!!!!!!!!!!!!!!!!!!!!!!!!!!!!!!!!!!!!!!!!!!!!!!!!!!!!!!!!!!!!!!!!!!!Ôªø
1006,http://shhort.com/a?r=HuPwEH5abÔªø
1287,cool song ever good thing its hereÔªø
157,OMG LOVE THIS!
212,CHECK OUT Eminem - Rap God LYRIC VIDEO
769,"C'mon Katy you are so close to 14,000,000 subscribers...come up with  another hit like this and it will happenÔªø"
416,thumbs up if you think this should have 1 billion viewsÔªø
42,adf.ly / KlD3Y
899,hey again if you guys wouldnt mind chacking out my rap give it like and il  giver 3 of your vids a likeÔªø
468,beautiful song!Ôªø
63,I love this song because we sing it at Camp all the time!!
12,:)
1087,see thishttp://adf.ly /1HmVtXÔªø
7," I really can't comprehend Miley Cyrus , she actually is a high profile and she tapes herself banging Today a video was leeched with her sucking and fucking The video has been posted at the celebrity website under :  miley-celeb-news.co.uk "
694,Almost to a billion :)Ôªø
466,What nicei‚õ∫‚ô•‚ô•‚ô•‚ô•Ôªø
857,Every single one of his songs brings me back to place I can never go back to and it hurts so bad insideÔªø
475,Have you tried a new social network TSU? This new social network has a  special thing.You can share the posts as well as on fb and twitter and even  to'll get paid You can registr here:  https://www.tsu.co/WORLDWIDE_LIFEÔªø
638,SubscribeÔªø
788,I am so awesome and smart!!! Sucscribe to me!Ôªø
1276,5th most viewed video.. i guessÔªø
1259,This awesome song needed 4 years to reach to 800 mil views while Tango Switch bitch needed 1 year. its not fairrrrrrrÔªø
1061,if you want to win money at hopme click here¬†https://www.paidverts.com/ref/sihaam01 it's work 100/100Ôªø
655,epicÔªø
338,marketglory . com/strategygame/andrijamatf earn real money from game
926,I learned the shuffle because of themÔªø
866,prehistoric song..has beenÔªø
1127,like the songsÔªø
196, HI IM 14 YEAR RAPPER SUPPORT ME GUY AND CHECK OUT MY CHANNEL AND CHECK OUT MY SONG YOU MIGHT LIKE IT ALSO FOLLOW ME IN TWITTER @McAshim for follow back.
534,LikeÔªø
713,https://www.facebook.com/myfunnyriddlesÔªø
961,I felt old when I realized that this song was 5 years old...Ôªø
1269,Check out my acoustic channel Ôªø
580,I shuffled while listening to this song. THE ILLNESS IS SPREADING!!Ôªø
536,How stupid humanity isÔªø
112,hey you ! check out the channel of Alvar Lake !!
1147,im still watching in 2015Ôªø
428,"People Who Say That ""This Song Is Too Old Now, There's No Point Of  Listening To It"" Suck. Just Stfu And Enjoy The Music. So, Your Mom Is Old  Too But You Still Listen To Her Right?....Ôªø"
483,No-I hate The Way U LIe!!Ôªø
1223,How old is Katy perry?Ôªø
804,"Shakira you are so beautiful. You are lovely, lively.. We love you.Ôªø"
640,"I hear this all the time on radio and its really irritating. That being  said, i like the videoÔªø"
1066,I #votekatyperry for the 2014 MTV #VMA Best Lyric Video! See who's in the  lead and vote:  http://on.mtv.com/Ut15kXÔªø
546,2015!! LLIKEE!!Ôªø
920,LMFAO!!!!!!!!Ôªø
146,"Echa un vistazo a la remezcla! / Check out the remix!  MILEY CYRUS - WRECKING BALL (THE HOUSE OF EDM REMIX)  MILEY CYRUS - WRECKING BALL (VINCENT T. REMIX)  ...click, enlace, suscr√≠base! / ...click, link, subscribe!"
350,I like how the robot shuffles he shuffles goodÔªø
1268,"mindblowing dance.,.,.superbbb songÔªø"
223,could you guys please check out my channel for hiphop beats?
344,NICE :3Ôªø
1294,https://www.facebook.com/pages/Brew-Crew-2014/134470083389909 Like this  facebook-page! Chance to win an Iphone 5S!Ôªø
1197,"The projects After Effects, Music, Foto, Web sites and another you can find  and buy here  http://audiojungle.net/user/EugeneKalinin/portfolio?ref=EugeneKalininÔªø"
421,I love you Shakiria!!!!!!Ôªø
504,"okay, this should cover me for some time... Thumbs up if you're watching while youtube still exists.Ôªø"
346,I really love this video.. http://www.bubblews.com/account/389088-sheilcenÔªø
833,Song name??Ôªø
1045,"they said this video are not deserve 2billion views , while they keep  visiting it to watch the viewer . Ôªø"
931,Sick Music for sick femalesÔªø
1160,SUBSCRIBE MY CHANNEL PLEASE LOL PRO PLAYS)Ôªø
1063,"870,000,000 views...566,000 comments...oh my lantaÔªø"
776,please like :D https://premium.easypromosapp.com/voteme/19924/616375350Ôªø
613,Check out this playlist on YouTube: I triedÔªø
1162,Hey subscribe to meÔªø
1048,Check out my covers I have a video coming out  please subscribeÔªø
1119,eminem is a ginius stop!Ôªø
616, GO TO MY CHANNEL and check out my written songsÔªø
691,nice ..very niceÔªø
685,....subscribe......  ......to my........  .....channel.......Ôªø
509,Best song ever made i swear :D i still hear even doe it old!! who else?Ôªø
1282,"How is this the most watched Eminem video, it beats not afraid? Ôªø"
1274,Love this song! My soccer team made a cd for our couch with this song on it!Ôªø
1178,Wow she is sexy XDÔªø
548,every bady yust have a good timeÔªø
1208,The best FIFA world cup song for sure.Ôªø
512,:3Ôªø
1170,In my opinion I think you look better with black hair then blond hair : )Ôªø
1279,tension‚§¥Ô∏é‚§¥Ô∏éÔªø
100,i like and love so much people all friends..... I love Shakira ^^
785,share your thoughtsÔªø
1102,C'mon 3 billion views!!!!!!!!Ôªø
665,http://vimeo.com/106865403Ôªø
441,You can not hate eminem and nirvana...trust meÔªø
1218,"Hey guys please check out my new Google+ page it has many funny pictures,  FunnyTortsPics  https://plus.google.com/112720997191206369631/postÔªø"
68,Waka Waka!:D   Check out my new HALLOWEEN VIDEO!:)
815,"hey guys i really want to go to a katy perry concert so im in this contest  where i need a lot of likes and im loosing :( so please if you could like  this picture it would be very nice, thank you i really want to go to her  concert :) https://www.facebook.com/exagdl/photos/a.936868579660284.1073741943.111719098841907/937732262907249/?type=1&theater Ôªø"
1150,"She kinda let herself go, huh?Ôªø"
462,What is he saying?!?!?!?!?!?!?!?$? Ôªø
562,LOL this shit never gets oldÔªø
737,"I believe that soccer promotes terrorism. Bad choice, Shakira.Ôªø"
105,Shakira is the best dancer
1136,"She named the tiger Kitty Purry  No, seriously, she did, check the video Ôªø"
775,wowwwwwwwwwwwwwwwwwwwwwwwwwwwwwwÔªø
762,cool song check out my animal trafficking petition.http://www.thepetitionsite.com/387/433/550/stop-animal-trafficking/?cid=headerClickÔªø
451,Good videoÔªø
1298,Sign up for free on TSU and start making money on social media add/follow  me and ill add follow you!! http://tsu.co/Roberts9010Ôªø
